"B97";"NR43";"Congélateur";"Ancus"
"B107";"NR282";"Réfrigérateur-Congélateur";"Zra"
"A119";"NR72";"Bouilloire";"Daggyr"
"A121";"NR130";"Expresso";"Faquoäloïius"
"A132";"NR300";"Sèche-Linge";"Eutin"
"A142";"NR42";"Cafetière";"Cailtor"
"A160";"NR182";"Cave À Vin";"Angulius Eucus"
"A164";"NR41";"Expresso";"Sicio"
"A182";"NR164";"Micro-Ondes";"Kefrinus"
"A184";"NR125";"Barbecue";"Dradul"
"A185";"NR95";"Four À Gaz";"Aaôtin"
"B193";"NR47";"Bouilloire";"Boobul"
"A201";"NR11";"Congélateur";"Opocus"
"B212";"NR200";"Rasoir";"Kolus Daalus Dooncus"
"B216";"NR103";"Centrifugeuse";"Duäcio Bicio Xanimius"
"A227";"NR47";"Bouilloire";"Boobul"
"B243";"NR182";"Cave À Vin";"Angulius Eucus"
"A261";"NR34";"Rasoir";"Kra"
"B271";"NR110";"Cuit Vapeur";"Waavyr"
"B275";"NR39";"Lave-Singe";"Xanaulus"
"A282";"NR11";"Congélateur";"Opocus"
"B283";"NR274";"Rasoir";"Rob"
"B296";"NR113";"Fer À Repasser";"Cafritor"
"B312";"NR262";"Nettoyeur À Vapeur";"Bailcus"
"A321";"NR8";"Cuisinière";"Banulius Eutor Iunus"
"B336";"NR49";"Barbecue";"Sinus Kaillus"
"B339";"NR262";"Nettoyeur À Vapeur";"Bailcus"
"B356";"NR119";"Expresso";"Rag"
"B371";"NR140";"Climatiseur";"Zobgul"
"A374";"NR222";"Centrale Vapeur";"Gob"
"A392";"NR99";"Réfrigérateur";"Cafritor"
"B409";"NR148";"Table À Repasser";"Dülius"
"A423";"NR266";"Cuiseur De Riz";"Aufritin"
"B443";"NR263";"Bouilloire";"Anes"
"B462";"NR230";"Bouilloire";"Bargyr"
"B475";"NR201";"Micro-Ondes";"Loibucio Bracio Aubotus"
"B476";"NR200";"Rasoir";"Kolus Daalus Dooncus"
"A483";"NR241";"Pèse-Personne";"Kelius Loicio"
"B484";"NR19";"Cafetière";"Zobgul"
"A493";"NR263";"Bouilloire";"Anes"
"B504";"NR163";"Table À Repasser";"Ies"
"B522";"NR123";"Climatiseur";"Daggyr"
"B536";"NR168";"Centrifugeuse";"Eulus"
"A541";"NR136";"Brosse À Dents";"Düolius Sitor"
"A553";"NR153";"Cave À Vin";"Gob"
"B556";"NR129";"Congélateur";"Dütoiàtocio"
"B571";"NR29";"Barbecue";"Anes"
"B589";"NR280";"Centrifugeuse";"Kra"
"B593";"NR140";"Climatiseur";"Zobgul"
"A606";"NR82";"Cuiseur De Riz";"Fanulillus"
"B624";"NR7";"Barbecue";"Daggyr"
"B629";"NR213";"Centrale Vapeur";"Angulius Eucus"
"B644";"NR209";"Four À Vapeur";"Dilius Antor"
"B659";"NR217";"Fer À Repasser";"Kolus Daalus Dooncus"
"B675";"NR25";"Brosse À Dents";"Facus"
"A689";"NR282";"Réfrigérateur-Congélateur";"Zra"
"B693";"NR194";"Moulin À Café";"Aubobotus"
"B703";"NR95";"Four À Gaz";"Aaôtin"
"A717";"NR17";"Barbecue";"Béàtus"
"A729";"NR116";"Expresso";"Barbul"
"B742";"NR74";"Aspirateur";"Eulus"
"A755";"NR118";"Plaque De Cuisson";"Aufritin"
"B762";"NR189";"Centrale Vapeur";"Faänus Düonus"
"B782";"NR233";"Bouilloire";"Bahuonbucus"
"A790";"NR37";"Four À Gaz";"Bailcus"
"B793";"NR150";"Moulin À Café";"Opälius"
"A805";"NR230";"Bouilloire";"Bargyr"
"A811";"NR302";"Nettoyeur À Vapeur";"Xanees"
"A818";"NR118";"Plaque De Cuisson";"Aufritin"
"A836";"NR182";"Cave À Vin";"Angulius Eucus"
"A852";"NR96";"Réfrigérateur";"Düolius Sitor"
"A862";"NR70";"Nettoyeur À Vapeur";"Dübebibeonius"
"A879";"NR300";"Sèche-Linge";"Eutin"
"A893";"NR46";"Brosse À Dents";"Dilius Antor"
"A900";"NR138";"Cuiseur De Riz";"Falus"
"A909";"NR45";"Table À Repasser";"Xanius Xanillus Sies"
"A912";"NR249";"Centrale Vapeur";"Ioes Koboes"
"B923";"NR62";"Cuisinière";"Baôtus"
"B937";"NR48";"Barbecue";"Angulius Eucus"
"B953";"NR251";"Sèche-Linge";"Angulius Eucus"
"A967";"NR187";"Micro-Ondes";"Eulus"
"B974";"NR192";"Cafetière";"Cailtor"
"B987";"NR203";"Cuit Vapeur";"Dradul"
"B999";"NR8";"Cuisinière";"Banulius Eutor Iunus"
"B1015";"NR32";"Lave-Vaisselle";"Gob"
"B1019";"NR84";"Lave-Vaisselle";"Eulus"
"B1032";"NR125";"Barbecue";"Dradul"
"A1037";"NR86";"Pèse-Personne";"Zob"
"A1055";"NR295";"Centrale Vapeur";"Boobul"
"A1075";"NR218";"Bouilloire";"Zra"
"B1088";"NR23";"Nettoyeur À Vapeur";"Dübebibeonius"
"B1090";"NR36";"Fer À Repasser";"Béàtus"
"A1093";"NR180";"Barbecue";"Sicio"
"B1103";"NR67";"Lave-Vaisselle";"Duäcio Bicio Xanimius"
"A1107";"NR55";"Réfrigérateur-Congélateur";"Dülius"
"A1110";"NR285";"Cafetière";"Kolus Daalus Dooncus"
"B1114";"NR149";"Climatiseur";"Xanees"
"A1134";"NR187";"Micro-Ondes";"Eulus"
"A1143";"NR157";"Four À Gaz";"Kra"
"B1163";"NR235";"Pèse-Personne";"Motin"
"B1175";"NR41";"Expresso";"Sicio"
"A1193";"NR277";"Rasoir";"Zobgul"
"B1195";"NR76";"Cireuse";"Düolius Sitor"
"B1198";"NR21";"Cafetière";"Biôlàbodalus"
"B1206";"NR240";"Four À Vapeur";"Gob"
"B1208";"NR4";"Congélateur";"Opocus"
"B1212";"NR262";"Nettoyeur À Vapeur";"Bailcus"
"B1213";"NR261";"Centrale Vapeur";"Eutin"
"A1221";"NR106";"Aspirateur";"Motin"
"B1223";"NR32";"Lave-Vaisselle";"Gob"
"B1225";"NR88";"Congélateur";"Xanees"
"A1234";"NR210";"Centrifugeuse";"Alus"
"B1239";"NR120";"Congélateur";"Caes Xanälius"
"B1255";"NR32";"Lave-Vaisselle";"Gob"
"B1274";"NR10";"Aspirateur";"Dradul"
"A1294";"NR47";"Bouilloire";"Boobul"
"A1296";"NR135";"Centrifugeuse";"Retus"
"B1297";"NR155";"Four À Vapeur";"Xanees"
"A1313";"NR234";"Réfrigérateur-Congélateur";"Autoôlus"
"A1317";"NR61";"Cuisinière";"Falus"
"B1325";"NR260";"Cuisinière";"Waa"
"A1341";"NR11";"Congélateur";"Opocus"
"B1349";"NR293";"Cireuse";"Faänus Düonus"
"B1367";"NR182";"Cave À Vin";"Angulius Eucus"
"A1386";"NR146";"Cafetière";"Anus"
"A1399";"NR88";"Congélateur";"Xanees"
"B1411";"NR94";"Lave-Vaisselle";"Gob"
"A1420";"NR289";"Pèse-Personne";"Bailcus"
"B1427";"NR170";"Bouilloire";"Caimnus Bidatus Silius"
"A1446";"NR2";"Cave À Vin";"Batogusguloïes"
"B1466";"NR199";"Centrifugeuse";"Kolus Daalus Dooncus"
"B1486";"NR149";"Climatiseur";"Xanees"
"A1497";"NR180";"Barbecue";"Sicio"
"A1506";"NR194";"Moulin À Café";"Aubobotus"
"B1523";"NR169";"Cuiseur De Riz";"Dradul"
"A1539";"NR208";"Four Traditionnel";"Daggyr"
"A1547";"NR90";"Climatiseur";"Rag"
"A1551";"NR209";"Four À Vapeur";"Dilius Antor"
"A1570";"NR176";"Cafetière";"Waa"
"B1577";"NR237";"Réfrigérateur";"Eulus"
"B1588";"NR17";"Barbecue";"Béàtus"
"B1602";"NR233";"Bouilloire";"Bahuonbucus"
"B1622";"NR178";"Moulin À Café";"Egutor Alius Itin"
"A1631";"NR133";"Lave-Vaisselle";"Côgualoïcio"
"B1637";"NR264";"Table À Repasser";"Duäcio Bicio Xanimius"
"B1642";"NR52";"Plaque De Cuisson";"Biôlàbodalus"
"B1648";"NR79";"Congélateur";"Eutin"
"B1663";"NR141";"Expresso";"Dütoiàtocio"
"A1679";"NR194";"Moulin À Café";"Aubobotus"
"B1686";"NR18";"Cave À Vin";"Ies"
"A1706";"NR86";"Pèse-Personne";"Zob"
"B1715";"NR249";"Centrale Vapeur";"Ioes Koboes"
"B1733";"NR200";"Rasoir";"Kolus Daalus Dooncus"
"B1741";"NR265";"Cafetière";"Aubobotus"
"A1758";"NR266";"Cuiseur De Riz";"Aufritin"
"B1759";"NR39";"Lave-Singe";"Xanaulus"
"A1775";"NR21";"Cafetière";"Biôlàbodalus"
"A1791";"NR284";"Brosse À Dents";"Faänus Düonus"
"B1801";"NR118";"Plaque De Cuisson";"Aufritin"
"B1817";"NR97";"Plaque De Cuisson";"Catin Baes"
"B1830";"NR110";"Cuit Vapeur";"Waavyr"
"B1835";"NR56";"Pèse-Personne";"Anus"
"A1853";"NR139";"Plaque De Cuisson";"Dübebibeonius"
"B1855";"NR302";"Nettoyeur À Vapeur";"Xanees"
"A1858";"NR192";"Cafetière";"Cailtor"
"B1859";"NR155";"Four À Vapeur";"Xanees"
"A1871";"NR43";"Congélateur";"Ancus"
"B1887";"NR279";"Pèse-Personne";"Kebitor Loicio Bibicus"
"A1901";"NR183";"Centrifugeuse";"Ioes Koboes"
"B1913";"NR221";"Plaque De Cuisson";"Aaôtin"
"B1921";"NR242";"Pèse-Personne";"Catin Baes"
"A1923";"NR113";"Fer À Repasser";"Cafritor"
"B1933";"NR58";"Cireuse";"Anes"
"A1946";"NR233";"Bouilloire";"Bahuonbucus"
"B1956";"NR224";"Cave À Vin";"Zob"
"A1969";"NR47";"Bouilloire";"Boobul"
"B1974";"NR274";"Rasoir";"Rob"
"B1991";"NR298";"Four À Vapeur";"Cafritor"
"A2008";"NR156";"Moulin À Café";"Falus"
"B2018";"NR290";"Cuiseur De Riz";"Cafritor"
"A2037";"NR167";"Rasoir";"Bailcus"
"A2045";"NR224";"Cave À Vin";"Zob"
"A2048";"NR303";"Lave-Vaisselle";"Dütoiàtocio"
"B2057";"NR123";"Climatiseur";"Daggyr"
"A2060";"NR278";"Four À Vapeur";"Zobgul"
"B2070";"NR113";"Fer À Repasser";"Cafritor"
"B2082";"NR22";"Cireuse";"Kra"
"B2094";"NR164";"Micro-Ondes";"Kefrinus"
"A2104";"NR247";"Rasoir";"Kra"
"A2120";"NR237";"Réfrigérateur";"Eulus"
"B2125";"NR208";"Four Traditionnel";"Daggyr"
"A2142";"NR50";"Cave À Vin";"Retus"
"A2143";"NR137";"Lave-Vaisselle";"Kra"
"A2155";"NR107";"Centrale Vapeur";"Ales Bicus Opiltin"
"B2162";"NR25";"Brosse À Dents";"Facus"
"B2170";"NR243";"Cafetière";"Motin"
"A2171";"NR292";"Centrifugeuse";"Loibucio Bracio Aubotus"
"A2186";"NR16";"Table À Repasser";"Eutin"
"A2187";"NR166";"Bouilloire";"Loibucio Bracio Aubotus"
"A2192";"NR199";"Centrifugeuse";"Kolus Daalus Dooncus"
"B2207";"NR292";"Centrifugeuse";"Loibucio Bracio Aubotus"
"B2225";"NR164";"Micro-Ondes";"Kefrinus"
"A2243";"NR92";"Table À Repasser";"Bailcus"
"A2247";"NR135";"Centrifugeuse";"Retus"
"A2257";"NR284";"Brosse À Dents";"Faänus Düonus"
"B2269";"NR143";"Table À Repasser";"Banulius Eutor Iunus"
"A2274";"NR265";"Cafetière";"Aubobotus"
"B2293";"NR12";"Four À Vapeur";"Judaeloïees"
"B2312";"NR289";"Pèse-Personne";"Bailcus"
"B2320";"NR167";"Rasoir";"Bailcus"
"A2340";"NR15";"Four À Vapeur";"Grarul"
"A2349";"NR255";"Bouilloire";"Daggyr"
"A2363";"NR26";"Cuiseur De Riz";"Dilius Antor"
"B2383";"NR108";"Aspirateur";"Kaes"
"B2401";"NR248";"Cave À Vin";"Motin"
"B2403";"NR19";"Cafetière";"Zobgul"
"B2416";"NR113";"Fer À Repasser";"Cafritor"
"B2434";"NR220";"Pèse-Personne";"Sinus Kaillus"
"B2443";"NR43";"Congélateur";"Ancus"
"B2452";"NR46";"Brosse À Dents";"Dilius Antor"
"A2465";"NR131";"Micro-Ondes";"Kaes"
"A2472";"NR82";"Cuiseur De Riz";"Fanulillus"
"B2474";"NR126";"Sèche-Linge";"Aubobotus"
"A2493";"NR238";"Réfrigérateur-Congélateur";"Béàtus"
"B2507";"NR28";"Cuisinière";"Opälius"
"A2526";"NR212";"Pèse-Personne";"Barbul"
"B2531";"NR132";"Cave À Vin";"Rag"
"B2547";"NR178";"Moulin À Café";"Egutor Alius Itin"
"B2551";"NR254";"Nettoyeur À Vapeur";"Sicio"
"B2554";"NR12";"Four À Vapeur";"Judaeloïees"
"A2563";"NR171";"Plaque De Cuisson";"Xanees"
"A2576";"NR99";"Réfrigérateur";"Cafritor"
"A2581";"NR72";"Bouilloire";"Daggyr"
"B2597";"NR107";"Centrale Vapeur";"Ales Bicus Opiltin"
"B2601";"NR159";"Fer À Repasser";"Motin"
"A2614";"NR42";"Cafetière";"Cailtor"
"B2621";"NR286";"Cave À Vin";"Anes"
"B2632";"NR247";"Rasoir";"Kra"
"A2633";"NR290";"Cuiseur De Riz";"Cafritor"
"A2651";"NR291";"Réfrigérateur-Congélateur";"Angulius Eucus"
"A2653";"NR169";"Cuiseur De Riz";"Dradul"
"B2669";"NR200";"Rasoir";"Kolus Daalus Dooncus"
"A2671";"NR154";"Cafetière";"Opälius"
"A2684";"NR59";"Expresso";"Ies"
"A2698";"NR104";"Lave-Singe";"Bailcus"
"B2715";"NR74";"Aspirateur";"Eulus"
"A2727";"NR72";"Bouilloire";"Daggyr"
"B2741";"NR257";"Brosse À Dents";"Kaes"
"B2746";"NR61";"Cuisinière";"Falus"
"B2763";"NR231";"Climatiseur";"Grarul"
"B2776";"NR80";"Four À Vapeur";"Ales Bicus Opiltin"
"B2778";"NR45";"Table À Repasser";"Xanius Xanillus Sies"
"B2786";"NR98";"Cireuse";"Kebitor Loicio Bibicus"
"B2802";"NR91";"Cave À Vin";"Cailtor"
"A2819";"NR255";"Bouilloire";"Daggyr"
"B2833";"NR58";"Cireuse";"Anes"
"B2836";"NR123";"Climatiseur";"Daggyr"
"B2847";"NR254";"Nettoyeur À Vapeur";"Sicio"
"B2865";"NR163";"Table À Repasser";"Ies"
"B2872";"NR39";"Lave-Singe";"Xanaulus"
"A2891";"NR265";"Cafetière";"Aubobotus"
"A2893";"NR161";"Plaque De Cuisson";"Zobgul"
"B2895";"NR99";"Réfrigérateur";"Cafritor"
"B2903";"NR261";"Centrale Vapeur";"Eutin"
"A2916";"NR37";"Four À Gaz";"Bailcus"
"A2923";"NR1";"Congélateur";"Daäguloïtin"
"A2940";"NR143";"Table À Repasser";"Banulius Eutor Iunus"
"A2957";"NR144";"Congélateur";"Kebitor Loicio Bibicus"
"B2977";"NR290";"Cuiseur De Riz";"Cafritor"
"B2994";"NR302";"Nettoyeur À Vapeur";"Xanees"
"A2996";"NR28";"Cuisinière";"Opälius"
"B3010";"NR176";"Cafetière";"Waa"
"B3030";"NR141";"Expresso";"Dütoiàtocio"
"A3043";"NR4";"Congélateur";"Opocus"
"B3056";"NR280";"Centrifugeuse";"Kra"
"B3057";"NR130";"Expresso";"Faquoäloïius"
"B3066";"NR280";"Centrifugeuse";"Kra"
"B3071";"NR268";"Cafetière";"Dradul"
"A3083";"NR237";"Réfrigérateur";"Eulus"
"A3101";"NR177";"Plaque De Cuisson";"Daäguloïtin"
"B3112";"NR272";"Pèse-Personne";"Boobul"
"A3127";"NR221";"Plaque De Cuisson";"Aaôtin"
"B3144";"NR228";"Centrale Vapeur";"Juaimtoilius"
"B3154";"NR39";"Lave-Singe";"Xanaulus"
"B3165";"NR75";"Sèche-Linge";"Egutor Alius Itin"
"B3177";"NR154";"Cafetière";"Opälius"
"B3197";"NR187";"Micro-Ondes";"Eulus"
"B3205";"NR67";"Lave-Vaisselle";"Duäcio Bicio Xanimius"
"B3208";"NR8";"Cuisinière";"Banulius Eutor Iunus"
"B3227";"NR37";"Four À Gaz";"Bailcus"
"B3246";"NR289";"Pèse-Personne";"Bailcus"
"B3254";"NR118";"Plaque De Cuisson";"Aufritin"
"B3257";"NR253";"Climatiseur";"Dütoiàtocio"
"A3268";"NR7";"Barbecue";"Daggyr"
"B3274";"NR145";"Micro-Ondes";"Kefrinus"
"B3284";"NR240";"Four À Vapeur";"Gob"
"B3301";"NR299";"Cuisinière";"Bailcus"
"B3307";"NR83";"Réfrigérateur-Congélateur";"Angulius Eucus"
"A3321";"NR157";"Four À Gaz";"Kra"
"B3337";"NR203";"Cuit Vapeur";"Dradul"
"A3349";"NR192";"Cafetière";"Cailtor"
"B3365";"NR64";"Fer À Repasser";"Autoôlus"
"A3369";"NR56";"Pèse-Personne";"Anus"
"B3384";"NR68";"Fer À Repasser";"Alus"
"A3392";"NR272";"Pèse-Personne";"Boobul"
"A3410";"NR60";"Brosse À Dents";"Autoôlus"
"B3413";"NR192";"Cafetière";"Cailtor"
"A3424";"NR302";"Nettoyeur À Vapeur";"Xanees"
"A3441";"NR7";"Barbecue";"Daggyr"
"A3446";"NR269";"Cafetière";"Bilius Elus"
"A3447";"NR170";"Bouilloire";"Caimnus Bidatus Silius"
"A3467";"NR39";"Lave-Singe";"Xanaulus"
"B3471";"NR171";"Plaque De Cuisson";"Xanees"
"B3473";"NR248";"Cave À Vin";"Motin"
"B3479";"NR256";"Réfrigérateur-Congélateur";"Waa"
"A3499";"NR127";"Aspirateur";"Grarul"
"A3502";"NR187";"Micro-Ondes";"Eulus"
"A3514";"NR217";"Fer À Repasser";"Kolus Daalus Dooncus"
"B3525";"NR90";"Climatiseur";"Rag"
"B3526";"NR98";"Cireuse";"Kebitor Loicio Bibicus"
"B3530";"NR122";"Micro-Ondes";"Kebitor Loicio Bibicus"
"B3544";"NR157";"Four À Gaz";"Kra"
"B3562";"NR199";"Centrifugeuse";"Kolus Daalus Dooncus"
"A3564";"NR135";"Centrifugeuse";"Retus"
"B3565";"NR301";"Micro-Ondes";"Dülius"
"A3575";"NR259";"Réfrigérateur-Congélateur";"Kra"
"B3589";"NR10";"Aspirateur";"Dradul"
"A3593";"NR30";"Réfrigérateur-Congélateur";"Baôtus"
"A3605";"NR124";"Expresso";"Opimcus"
"B3625";"NR23";"Nettoyeur À Vapeur";"Dübebibeonius"
"B3634";"NR298";"Four À Vapeur";"Cafritor"
"B3646";"NR159";"Fer À Repasser";"Motin"
"B3653";"NR97";"Plaque De Cuisson";"Catin Baes"
"A3667";"NR17";"Barbecue";"Béàtus"
"A3674";"NR242";"Pèse-Personne";"Catin Baes"
"A3692";"NR154";"Cafetière";"Opälius"
"A3694";"NR301";"Micro-Ondes";"Dülius"
"B3696";"NR206";"Aspirateur";"Bilius Elus"
"A3709";"NR9";"Centrifugeuse";"Kra"
"A3719";"NR292";"Centrifugeuse";"Loibucio Bracio Aubotus"
"B3720";"NR99";"Réfrigérateur";"Cafritor"
"A3724";"NR150";"Moulin À Café";"Opälius"
"A3739";"NR89";"Réfrigérateur";"Biôlàbodalus"
"A3744";"NR211";"Table À Repasser";"Ioes Koboes"
"B3753";"NR66";"Congélateur";"Kelius Loicio"
"A3755";"NR157";"Four À Gaz";"Kra"
"A3770";"NR99";"Réfrigérateur";"Cafritor"
"B3788";"NR267";"Expresso";"Anes"
"B3796";"NR267";"Expresso";"Anes"
"B3812";"NR157";"Four À Gaz";"Kra"
"B3828";"NR285";"Cafetière";"Kolus Daalus Dooncus"
"B3847";"NR251";"Sèche-Linge";"Angulius Eucus"
"B3861";"NR101";"Nettoyeur À Vapeur";"Dülius"
"A3873";"NR190";"Pèse-Personne";"Kelius Loicio"
"B3875";"NR166";"Bouilloire";"Loibucio Bracio Aubotus"
"B3887";"NR266";"Cuiseur De Riz";"Aufritin"
"B3898";"NR164";"Micro-Ondes";"Kefrinus"
"B3904";"NR92";"Table À Repasser";"Bailcus"
"B3912";"NR139";"Plaque De Cuisson";"Dübebibeonius"
"A3931";"NR64";"Fer À Repasser";"Autoôlus"
"B3943";"NR165";"Centrale Vapeur";"Loibucio Bracio Aubotus"
"B3946";"NR190";"Pèse-Personne";"Kelius Loicio"
"B3952";"NR274";"Rasoir";"Rob"
"A3961";"NR8";"Cuisinière";"Banulius Eutor Iunus"
"A3970";"NR212";"Pèse-Personne";"Barbul"
"B3983";"NR101";"Nettoyeur À Vapeur";"Dülius"
"B3991";"NR246";"Aspirateur";"Kolus Daalus Dooncus"
"B4003";"NR261";"Centrale Vapeur";"Eutin"
"B4017";"NR145";"Micro-Ondes";"Kefrinus"
"A4025";"NR42";"Cafetière";"Cailtor"
"A4045";"NR280";"Centrifugeuse";"Kra"
"A4064";"NR148";"Table À Repasser";"Dülius"
"A4070";"NR105";"Expresso";"Dübebibeonius"
"A4074";"NR140";"Climatiseur";"Zobgul"
"B4092";"NR227";"Barbecue";"Duäcio Bicio Xanimius"
"B4102";"NR286";"Cave À Vin";"Anes"
"A4111";"NR246";"Aspirateur";"Kolus Daalus Dooncus"
"B4130";"NR73";"Expresso";"Cailtor"
"B4137";"NR190";"Pèse-Personne";"Kelius Loicio"
"A4150";"NR20";"Réfrigérateur";"Dülius"
"A4162";"NR292";"Centrifugeuse";"Loibucio Bracio Aubotus"
"A4167";"NR117";"Pèse-Personne";"Kebitor Loicio Bibicus"
"B4177";"NR235";"Pèse-Personne";"Motin"
"A4192";"NR198";"Sèche-Linge";"Bailcus"
"B4202";"NR240";"Four À Vapeur";"Gob"
"B4214";"NR202";"Centrale Vapeur";"Barbul"
"A4217";"NR284";"Brosse À Dents";"Faänus Düonus"
"B4224";"NR191";"Plaque De Cuisson";"Aufritin"
"A4225";"NR291";"Réfrigérateur-Congélateur";"Angulius Eucus"
"A4235";"NR64";"Fer À Repasser";"Autoôlus"
"A4255";"NR3";"Climatiseur";"Dradul"
"B4256";"NR114";"Aspirateur";"Biôdaécio"
"B4258";"NR155";"Four À Vapeur";"Xanees"
"B4275";"NR162";"Micro-Ondes";"Biôdaécio"
"B4290";"NR120";"Congélateur";"Caes Xanälius"
"A4293";"NR141";"Expresso";"Dütoiàtocio"
"A4297";"NR1";"Congélateur";"Daäguloïtin"
"A4317";"NR237";"Réfrigérateur";"Eulus"
"B4336";"NR226";"Cuisinière";"Falus"
"A4338";"NR229";"Rasoir";"Anus"
"B4354";"NR87";"Sèche-Linge";"Kebitor Loicio Bibicus"
"A4364";"NR62";"Cuisinière";"Baôtus"
"A4381";"NR249";"Centrale Vapeur";"Ioes Koboes"
"A4382";"NR182";"Cave À Vin";"Angulius Eucus"
"B4397";"NR64";"Fer À Repasser";"Autoôlus"
"B4416";"NR280";"Centrifugeuse";"Kra"
"B4427";"NR105";"Expresso";"Dübebibeonius"
"B4428";"NR184";"Réfrigérateur";"Eutin"
"A4441";"NR238";"Réfrigérateur-Congélateur";"Béàtus"
"B4461";"NR203";"Cuit Vapeur";"Dradul"
"B4467";"NR289";"Pèse-Personne";"Bailcus"
"A4479";"NR294";"Pèse-Personne";"Düolius Sitor"
"B4498";"NR142";"Lave-Singe";"Nagul"
"A4509";"NR119";"Expresso";"Rag"
"B4523";"NR93";"Nettoyeur À Vapeur";"Rob"
"B4529";"NR126";"Sèche-Linge";"Aubobotus"
"B4540";"NR91";"Cave À Vin";"Cailtor"
"B4543";"NR264";"Table À Repasser";"Duäcio Bicio Xanimius"
"A4552";"NR298";"Four À Vapeur";"Cafritor"
"A4554";"NR213";"Centrale Vapeur";"Angulius Eucus"
"B4564";"NR94";"Lave-Vaisselle";"Gob"
"A4568";"NR126";"Sèche-Linge";"Aubobotus"
"B4581";"NR55";"Réfrigérateur-Congélateur";"Dülius"
"B4585";"NR171";"Plaque De Cuisson";"Xanees"
"A4601";"NR95";"Four À Gaz";"Aaôtin"
"A4611";"NR3";"Climatiseur";"Dradul"
"A4619";"NR279";"Pèse-Personne";"Kebitor Loicio Bibicus"
"B4627";"NR281";"Plaque De Cuisson";"Opocus"
"B4643";"NR213";"Centrale Vapeur";"Angulius Eucus"
"A4663";"NR163";"Table À Repasser";"Ies"
"B4669";"NR107";"Centrale Vapeur";"Ales Bicus Opiltin"
"B4687";"NR15";"Four À Vapeur";"Grarul"
"A4699";"NR134";"Réfrigérateur-Congélateur";"Dilius Antor"
"B4703";"NR270";"Aspirateur";"Waavyr"
"A4707";"NR119";"Expresso";"Rag"
"A4717";"NR161";"Plaque De Cuisson";"Zobgul"
"A4721";"NR178";"Moulin À Café";"Egutor Alius Itin"
"A4741";"NR201";"Micro-Ondes";"Loibucio Bracio Aubotus"
"B4745";"NR135";"Centrifugeuse";"Retus"
"B4757";"NR55";"Réfrigérateur-Congélateur";"Dülius"
"A4777";"NR60";"Brosse À Dents";"Autoôlus"
"B4793";"NR40";"Four Traditionnel";"Caques"
"B4802";"NR69";"Barbecue";"Cafritor"
"B4811";"NR22";"Cireuse";"Kra"
"B4831";"NR104";"Lave-Singe";"Bailcus"
"B4835";"NR22";"Cireuse";"Kra"
"B4854";"NR126";"Sèche-Linge";"Aubobotus"
"A4856";"NR288";"Cuisinière";"Aubobotus"
"B4864";"NR43";"Congélateur";"Ancus"
"A4882";"NR21";"Cafetière";"Biôlàbodalus"
"A4890";"NR180";"Barbecue";"Sicio"
"A4899";"NR30";"Réfrigérateur-Congélateur";"Baôtus"
"B4914";"NR128";"Four À Gaz";"Nagul"
"B4921";"NR148";"Table À Repasser";"Dülius"
"B4940";"NR133";"Lave-Vaisselle";"Côgualoïcio"
"A4948";"NR275";"Aspirateur";"Alus"
"B4962";"NR126";"Sèche-Linge";"Aubobotus"
"B4976";"NR133";"Lave-Vaisselle";"Côgualoïcio"
"A4995";"NR17";"Barbecue";"Béàtus"
"B5003";"NR41";"Expresso";"Sicio"
"B5008";"NR93";"Nettoyeur À Vapeur";"Rob"
"B5013";"NR250";"Fer À Repasser";"Juaimtoilius"
"B5025";"NR121";"Lave-Singe";"Kelius Loicio"
"B5033";"NR161";"Plaque De Cuisson";"Zobgul"
"B5037";"NR156";"Moulin À Café";"Falus"
"B5057";"NR84";"Lave-Vaisselle";"Eulus"
"A5070";"NR62";"Cuisinière";"Baôtus"
"B5089";"NR292";"Centrifugeuse";"Loibucio Bracio Aubotus"
"A5091";"NR153";"Cave À Vin";"Gob"
"A5106";"NR170";"Bouilloire";"Caimnus Bidatus Silius"
"B5108";"NR55";"Réfrigérateur-Congélateur";"Dülius"
"B5119";"NR179";"Sèche-Linge";"Bailcus"
"A5130";"NR14";"Lave-Vaisselle";"Bar"
"B5142";"NR250";"Fer À Repasser";"Juaimtoilius"
"A5143";"NR71";"Table À Repasser";"Loibucio Bracio Aubotus"
"B5146";"NR41";"Expresso";"Sicio"
"B5155";"NR23";"Nettoyeur À Vapeur";"Dübebibeonius"
"A5162";"NR221";"Plaque De Cuisson";"Aaôtin"
"B5165";"NR285";"Cafetière";"Kolus Daalus Dooncus"
"B5180";"NR117";"Pèse-Personne";"Kebitor Loicio Bibicus"
"A5186";"NR201";"Micro-Ondes";"Loibucio Bracio Aubotus"
"A5196";"NR290";"Cuiseur De Riz";"Cafritor"
"B5197";"NR295";"Centrale Vapeur";"Boobul"
"A5200";"NR185";"Aspirateur";"Bilius Elus"
"A5202";"NR130";"Expresso";"Faquoäloïius"
"A5216";"NR193";"Cuit Vapeur";"Caes Xanälius"
"B5228";"NR29";"Barbecue";"Anes"
"A5239";"NR67";"Lave-Vaisselle";"Duäcio Bicio Xanimius"
"B5248";"NR216";"Cireuse";"Dilius Antor"
"A5266";"NR14";"Lave-Vaisselle";"Bar"
"B5286";"NR18";"Cave À Vin";"Ies"
"A5297";"NR200";"Rasoir";"Kolus Daalus Dooncus"
"B5310";"NR103";"Centrifugeuse";"Duäcio Bicio Xanimius"
"A5326";"NR208";"Four Traditionnel";"Daggyr"
"B5328";"NR73";"Expresso";"Cailtor"
"B5329";"NR151";"Cuisinière";"Caques"
"A5340";"NR212";"Pèse-Personne";"Barbul"
"A5343";"NR173";"Barbecue";"Daäguloïtin"
"B5363";"NR68";"Fer À Repasser";"Alus"
"B5380";"NR178";"Moulin À Café";"Egutor Alius Itin"
"A5391";"NR44";"Aspirateur";"Faänus Düonus"
"A5406";"NR179";"Sèche-Linge";"Bailcus"
"A5418";"NR218";"Bouilloire";"Zra"
"A5420";"NR240";"Four À Vapeur";"Gob"
"A5426";"NR252";"Brosse À Dents";"Ales Bicus Opiltin"
"A5442";"NR75";"Sèche-Linge";"Egutor Alius Itin"
"B5447";"NR157";"Four À Gaz";"Kra"
"B5448";"NR175";"Barbecue";"Motin"
"B5449";"NR261";"Centrale Vapeur";"Eutin"
"A5464";"NR29";"Barbecue";"Anes"
"B5477";"NR82";"Cuiseur De Riz";"Fanulillus"
"B5491";"NR120";"Congélateur";"Caes Xanälius"
"A5497";"NR21";"Cafetière";"Biôlàbodalus"
"B5510";"NR170";"Bouilloire";"Caimnus Bidatus Silius"
"B5514";"NR112";"Cuiseur De Riz";"Judaeloïees"
"B5519";"NR155";"Four À Vapeur";"Xanees"
"A5537";"NR93";"Nettoyeur À Vapeur";"Rob"
"A5548";"NR69";"Barbecue";"Cafritor"
"B5562";"NR163";"Table À Repasser";"Ies"
"A5581";"NR225";"Congélateur";"Duäcio Bicio Xanimius"
"B5584";"NR275";"Aspirateur";"Alus"
"A5598";"NR145";"Micro-Ondes";"Kefrinus"
"B5607";"NR110";"Cuit Vapeur";"Waavyr"
"B5624";"NR83";"Réfrigérateur-Congélateur";"Angulius Eucus"
"A5641";"NR105";"Expresso";"Dübebibeonius"
"A5661";"NR92";"Table À Repasser";"Bailcus"
"A5670";"NR101";"Nettoyeur À Vapeur";"Dülius"
"A5682";"NR261";"Centrale Vapeur";"Eutin"
"A5694";"NR221";"Plaque De Cuisson";"Aaôtin"
"B5713";"NR89";"Réfrigérateur";"Biôlàbodalus"
"B5719";"NR209";"Four À Vapeur";"Dilius Antor"
"A5723";"NR262";"Nettoyeur À Vapeur";"Bailcus"
"B5735";"NR143";"Table À Repasser";"Banulius Eutor Iunus"
"B5746";"NR139";"Plaque De Cuisson";"Dübebibeonius"
"B5751";"NR153";"Cave À Vin";"Gob"
"B5752";"NR209";"Four À Vapeur";"Dilius Antor"
"A5768";"NR198";"Sèche-Linge";"Bailcus"
"A5773";"NR39";"Lave-Singe";"Xanaulus"
"A5776";"NR257";"Brosse À Dents";"Kaes"
"A5796";"NR171";"Plaque De Cuisson";"Xanees"
"A5814";"NR49";"Barbecue";"Sinus Kaillus"
"B5817";"NR59";"Expresso";"Ies"
"B5833";"NR69";"Barbecue";"Cafritor"
"B5851";"NR55";"Réfrigérateur-Congélateur";"Dülius"
"A5858";"NR27";"Rasoir";"Enuliläcus"
"B5873";"NR182";"Cave À Vin";"Angulius Eucus"
"A5878";"NR31";"Micro-Ondes";"Bar"
"B5885";"NR182";"Cave À Vin";"Angulius Eucus"
"A5893";"NR276";"Cave À Vin";"Rob"
"A5911";"NR64";"Fer À Repasser";"Autoôlus"
"B5930";"NR53";"Cuit Vapeur";"Opälius"
"A5938";"NR255";"Bouilloire";"Daggyr"
"B5942";"NR229";"Rasoir";"Anus"
"B5952";"NR13";"Cave À Vin";"Zra"
"A5971";"NR173";"Barbecue";"Daäguloïtin"
"A5982";"NR238";"Réfrigérateur-Congélateur";"Béàtus"
"B5987";"NR38";"Sèche-Linge";"Judaeloïees"
"A6001";"NR286";"Cave À Vin";"Anes"
"A6005";"NR95";"Four À Gaz";"Aaôtin"
"B6021";"NR12";"Four À Vapeur";"Judaeloïees"
"B6039";"NR264";"Table À Repasser";"Duäcio Bicio Xanimius"
"A6056";"NR163";"Table À Repasser";"Ies"
"B6070";"NR183";"Centrifugeuse";"Ioes Koboes"
"A6074";"NR8";"Cuisinière";"Banulius Eutor Iunus"
"B6077";"NR142";"Lave-Singe";"Nagul"
"A6094";"NR191";"Plaque De Cuisson";"Aufritin"
"B6096";"NR27";"Rasoir";"Enuliläcus"
"A6101";"NR14";"Lave-Vaisselle";"Bar"
"B6115";"NR300";"Sèche-Linge";"Eutin"
"A6121";"NR74";"Aspirateur";"Eulus"
"A6125";"NR60";"Brosse À Dents";"Autoôlus"
"A6137";"NR48";"Barbecue";"Angulius Eucus"
"B6152";"NR218";"Bouilloire";"Zra"
"B6166";"NR225";"Congélateur";"Duäcio Bicio Xanimius"
"A6177";"NR144";"Congélateur";"Kebitor Loicio Bibicus"
"B6193";"NR181";"Centrale Vapeur";"Eutin"
"A6196";"NR137";"Lave-Vaisselle";"Kra"
"B6209";"NR196";"Lave-Singe";"Enuliläcus"
"A6223";"NR122";"Micro-Ondes";"Kebitor Loicio Bibicus"
"A6230";"NR292";"Centrifugeuse";"Loibucio Bracio Aubotus"
"B6234";"NR2";"Cave À Vin";"Batogusguloïes"
"B6247";"NR44";"Aspirateur";"Faänus Düonus"
"B6250";"NR60";"Brosse À Dents";"Autoôlus"
"A6264";"NR73";"Expresso";"Cailtor"
"A6267";"NR4";"Congélateur";"Opocus"
"B6281";"NR14";"Lave-Vaisselle";"Bar"
"A6300";"NR228";"Centrale Vapeur";"Juaimtoilius"
"B6301";"NR50";"Cave À Vin";"Retus"
"A6314";"NR200";"Rasoir";"Kolus Daalus Dooncus"
"A6329";"NR244";"Cuisinière";"Opälius"
"B6332";"NR21";"Cafetière";"Biôlàbodalus"
"A6341";"NR161";"Plaque De Cuisson";"Zobgul"
"B6361";"NR240";"Four À Vapeur";"Gob"
"B6371";"NR183";"Centrifugeuse";"Ioes Koboes"
"B6390";"NR281";"Plaque De Cuisson";"Opocus"
"A6401";"NR197";"Cireuse";"Ales Bicus Opiltin"
"B6410";"NR140";"Climatiseur";"Zobgul"
"A6430";"NR214";"Climatiseur";"Caques"
"A6440";"NR4";"Congélateur";"Opocus"
"B6441";"NR183";"Centrifugeuse";"Ioes Koboes"
"A6457";"NR68";"Fer À Repasser";"Alus"
"B6475";"NR156";"Moulin À Café";"Falus"
"A6477";"NR259";"Réfrigérateur-Congélateur";"Kra"
"A6487";"NR12";"Four À Vapeur";"Judaeloïees"
"A6505";"NR236";"Réfrigérateur";"Biôlàbodalus"
"B6524";"NR199";"Centrifugeuse";"Kolus Daalus Dooncus"
"B6544";"NR129";"Congélateur";"Dütoiàtocio"
"A6560";"NR138";"Cuiseur De Riz";"Falus"
"A6580";"NR118";"Plaque De Cuisson";"Aufritin"
"B6591";"NR223";"Climatiseur";"Sinus Kaillus"
"B6604";"NR189";"Centrale Vapeur";"Faänus Düonus"
"A6622";"NR42";"Cafetière";"Cailtor"
"A6636";"NR143";"Table À Repasser";"Banulius Eutor Iunus"
"A6639";"NR211";"Table À Repasser";"Ioes Koboes"
"B6640";"NR287";"Sèche-Linge";"Béàtus"
"B6655";"NR182";"Cave À Vin";"Angulius Eucus"
"B6671";"NR253";"Climatiseur";"Dütoiàtocio"
"A6690";"NR285";"Cafetière";"Kolus Daalus Dooncus"
"A6701";"NR24";"Four Traditionnel";"Enuliläcus"
"A6712";"NR51";"Brosse À Dents";"Anes"
"A6722";"NR301";"Micro-Ondes";"Dülius"
"B6728";"NR59";"Expresso";"Ies"
"A6746";"NR188";"Cuit Vapeur";"Kelius Loicio"
"A6761";"NR9";"Centrifugeuse";"Kra"
"B6768";"NR219";"Sèche-Linge";"Facus"
"B6773";"NR254";"Nettoyeur À Vapeur";"Sicio"
"A6774";"NR276";"Cave À Vin";"Rob"
"A6787";"NR241";"Pèse-Personne";"Kelius Loicio"
"B6798";"NR126";"Sèche-Linge";"Aubobotus"
"A6814";"NR165";"Centrale Vapeur";"Loibucio Bracio Aubotus"
"A6834";"NR51";"Brosse À Dents";"Anes"
"B6849";"NR211";"Table À Repasser";"Ioes Koboes"
"B6866";"NR224";"Cave À Vin";"Zob"
"A6867";"NR126";"Sèche-Linge";"Aubobotus"
"A6870";"NR153";"Cave À Vin";"Gob"
"A6881";"NR54";"Centrale Vapeur";"Aaôtin"
"A6888";"NR186";"Sèche-Linge";"Eutin"
"A6906";"NR140";"Climatiseur";"Zobgul"
"A6907";"NR44";"Aspirateur";"Faänus Düonus"
"B6913";"NR239";"Aspirateur";"Opälius"
"B6929";"NR89";"Réfrigérateur";"Biôlàbodalus"
"A6939";"NR259";"Réfrigérateur-Congélateur";"Kra"
"B6945";"NR28";"Cuisinière";"Opälius"
"B6957";"NR144";"Congélateur";"Kebitor Loicio Bibicus"
"B6963";"NR70";"Nettoyeur À Vapeur";"Dübebibeonius"
"A6971";"NR28";"Cuisinière";"Opälius"
"A6983";"NR17";"Barbecue";"Béàtus"
"A7002";"NR227";"Barbecue";"Duäcio Bicio Xanimius"
"B7009";"NR183";"Centrifugeuse";"Ioes Koboes"
"A7025";"NR155";"Four À Vapeur";"Xanees"
"B7038";"NR177";"Plaque De Cuisson";"Daäguloïtin"
"A7043";"NR188";"Cuit Vapeur";"Kelius Loicio"
"A7046";"NR193";"Cuit Vapeur";"Caes Xanälius"
"B7058";"NR60";"Brosse À Dents";"Autoôlus"
"A7070";"NR105";"Expresso";"Dübebibeonius"
"B7075";"NR150";"Moulin À Café";"Opälius"
"B7095";"NR231";"Climatiseur";"Grarul"
"B7099";"NR130";"Expresso";"Faquoäloïius"
"A7115";"NR34";"Rasoir";"Kra"
"A7123";"NR238";"Réfrigérateur-Congélateur";"Béàtus"
"A7130";"NR199";"Centrifugeuse";"Kolus Daalus Dooncus"
"B7150";"NR284";"Brosse À Dents";"Faänus Düonus"
"A7158";"NR159";"Fer À Repasser";"Motin"
"A7162";"NR156";"Moulin À Café";"Falus"
"B7172";"NR157";"Four À Gaz";"Kra"
"B7184";"NR228";"Centrale Vapeur";"Juaimtoilius"
"B7191";"NR244";"Cuisinière";"Opälius"
"A7202";"NR253";"Climatiseur";"Dütoiàtocio"
"A7210";"NR248";"Cave À Vin";"Motin"
"B7225";"NR247";"Rasoir";"Kra"
"B7239";"NR282";"Réfrigérateur-Congélateur";"Zra"
"B7249";"NR301";"Micro-Ondes";"Dülius"
"B7251";"NR88";"Congélateur";"Xanees"
"A7267";"NR219";"Sèche-Linge";"Facus"
"A7281";"NR67";"Lave-Vaisselle";"Duäcio Bicio Xanimius"
"B7297";"NR67";"Lave-Vaisselle";"Duäcio Bicio Xanimius"
"B7313";"NR230";"Bouilloire";"Bargyr"
"B7328";"NR235";"Pèse-Personne";"Motin"
"B7331";"NR58";"Cireuse";"Anes"
"B7347";"NR295";"Centrale Vapeur";"Boobul"
"A7364";"NR155";"Four À Vapeur";"Xanees"
"A7384";"NR292";"Centrifugeuse";"Loibucio Bracio Aubotus"
"B7404";"NR160";"Aspirateur";"Grarul"
"B7418";"NR213";"Centrale Vapeur";"Angulius Eucus"
"B7431";"NR74";"Aspirateur";"Eulus"
"B7440";"NR72";"Bouilloire";"Daggyr"
"B7456";"NR248";"Cave À Vin";"Motin"
"B7460";"NR294";"Pèse-Personne";"Düolius Sitor"
"A7466";"NR9";"Centrifugeuse";"Kra"
"B7471";"NR300";"Sèche-Linge";"Eutin"
"A7491";"NR285";"Cafetière";"Kolus Daalus Dooncus"
"A7505";"NR159";"Fer À Repasser";"Motin"
"A7506";"NR125";"Barbecue";"Dradul"
"A7512";"NR69";"Barbecue";"Cafritor"
"A7529";"NR36";"Fer À Repasser";"Béàtus"
"A7534";"NR240";"Four À Vapeur";"Gob"
"A7549";"NR96";"Réfrigérateur";"Düolius Sitor"
"A7569";"NR287";"Sèche-Linge";"Béàtus"
"B7582";"NR227";"Barbecue";"Duäcio Bicio Xanimius"
"B7597";"NR215";"Four Traditionnel";"Angulius Eucus"
"B7605";"NR216";"Cireuse";"Dilius Antor"
"B7619";"NR171";"Plaque De Cuisson";"Xanees"
"B7634";"NR241";"Pèse-Personne";"Kelius Loicio"
"B7654";"NR297";"Réfrigérateur";"Anus"
"A7661";"NR41";"Expresso";"Sicio"
"A7675";"NR147";"Cave À Vin";"Ancus"
"A7677";"NR183";"Centrifugeuse";"Ioes Koboes"
"A7696";"NR278";"Four À Vapeur";"Zobgul"
"B7711";"NR64";"Fer À Repasser";"Autoôlus"
"A7728";"NR303";"Lave-Vaisselle";"Dütoiàtocio"
"A7734";"NR70";"Nettoyeur À Vapeur";"Dübebibeonius"
"A7736";"NR54";"Centrale Vapeur";"Aaôtin"
"A7750";"NR260";"Cuisinière";"Waa"
"A7752";"NR58";"Cireuse";"Anes"
"B7764";"NR238";"Réfrigérateur-Congélateur";"Béàtus"
"A7779";"NR287";"Sèche-Linge";"Béàtus"
"B7788";"NR229";"Rasoir";"Anus"
"A7800";"NR169";"Cuiseur De Riz";"Dradul"
"A7809";"NR88";"Congélateur";"Xanees"
"A7825";"NR15";"Four À Vapeur";"Grarul"
"A7838";"NR49";"Barbecue";"Sinus Kaillus"
"A7850";"NR44";"Aspirateur";"Faänus Düonus"
"A7861";"NR75";"Sèche-Linge";"Egutor Alius Itin"
"B7873";"NR1";"Congélateur";"Daäguloïtin"
"A7890";"NR226";"Cuisinière";"Falus"
"B7910";"NR125";"Barbecue";"Dradul"
"B7924";"NR89";"Réfrigérateur";"Biôlàbodalus"
"B7939";"NR80";"Four À Vapeur";"Ales Bicus Opiltin"
"A7957";"NR18";"Cave À Vin";"Ies"
"A7960";"NR278";"Four À Vapeur";"Zobgul"
"A7964";"NR15";"Four À Vapeur";"Grarul"
"B7983";"NR284";"Brosse À Dents";"Faänus Düonus"
"B8000";"NR126";"Sèche-Linge";"Aubobotus"
"A8004";"NR259";"Réfrigérateur-Congélateur";"Kra"
"B8022";"NR41";"Expresso";"Sicio"
"A8032";"NR28";"Cuisinière";"Opälius"
"A8048";"NR184";"Réfrigérateur";"Eutin"
"B8052";"NR101";"Nettoyeur À Vapeur";"Dülius"
"A8060";"NR292";"Centrifugeuse";"Loibucio Bracio Aubotus"
"A8076";"NR74";"Aspirateur";"Eulus"
"A8084";"NR52";"Plaque De Cuisson";"Biôlàbodalus"
"B8103";"NR121";"Lave-Singe";"Kelius Loicio"
"A8122";"NR80";"Four À Vapeur";"Ales Bicus Opiltin"
"B8131";"NR301";"Micro-Ondes";"Dülius"
"B8140";"NR172";"Nettoyeur À Vapeur";"Daäguloïtin"
"B8141";"NR49";"Barbecue";"Sinus Kaillus"
"A8148";"NR169";"Cuiseur De Riz";"Dradul"
"A8155";"NR272";"Pèse-Personne";"Boobul"
"B8166";"NR128";"Four À Gaz";"Nagul"
"A8176";"NR246";"Aspirateur";"Kolus Daalus Dooncus"
"A8195";"NR254";"Nettoyeur À Vapeur";"Sicio"
"A8198";"NR187";"Micro-Ondes";"Eulus"
"B8212";"NR177";"Plaque De Cuisson";"Daäguloïtin"
"B8226";"NR22";"Cireuse";"Kra"
"B8242";"NR252";"Brosse À Dents";"Ales Bicus Opiltin"
"A8261";"NR181";"Centrale Vapeur";"Eutin"
"A8265";"NR101";"Nettoyeur À Vapeur";"Dülius"
"B8281";"NR111";"Four Traditionnel";"Motin"
"B8294";"NR105";"Expresso";"Dübebibeonius"
"B8295";"NR253";"Climatiseur";"Dütoiàtocio"
"B8314";"NR121";"Lave-Singe";"Kelius Loicio"
"A8316";"NR138";"Cuiseur De Riz";"Falus"
"A8324";"NR106";"Aspirateur";"Motin"
"A8330";"NR28";"Cuisinière";"Opälius"
"B8333";"NR42";"Cafetière";"Cailtor"
"A8337";"NR16";"Table À Repasser";"Eutin"
"B8355";"NR68";"Fer À Repasser";"Alus"
"B8357";"NR160";"Aspirateur";"Grarul"
"B8358";"NR238";"Réfrigérateur-Congélateur";"Béàtus"
"B8365";"NR94";"Lave-Vaisselle";"Gob"
"A8373";"NR257";"Brosse À Dents";"Kaes"
"B8388";"NR89";"Réfrigérateur";"Biôlàbodalus"
"B8404";"NR266";"Cuiseur De Riz";"Aufritin"
"A8410";"NR80";"Four À Vapeur";"Ales Bicus Opiltin"
"A8416";"NR288";"Cuisinière";"Aubobotus"
"A8431";"NR292";"Centrifugeuse";"Loibucio Bracio Aubotus"
"A8444";"NR266";"Cuiseur De Riz";"Aufritin"
"B8446";"NR124";"Expresso";"Opimcus"
"B8462";"NR14";"Lave-Vaisselle";"Bar"
"B8469";"NR27";"Rasoir";"Enuliläcus"
"B8472";"NR160";"Aspirateur";"Grarul"
"A8484";"NR47";"Bouilloire";"Boobul"
"B8486";"NR205";"Four À Gaz";"Kolus Daalus Dooncus"
"B8503";"NR24";"Four Traditionnel";"Enuliläcus"
"A8507";"NR81";"Congélateur";"Sicio"
"B8524";"NR57";"Expresso";"Judaeloïees"
"A8542";"NR199";"Centrifugeuse";"Kolus Daalus Dooncus"
"A8545";"NR51";"Brosse À Dents";"Anes"
"A8552";"NR283";"Nettoyeur À Vapeur";"Angulius Eucus"
"B8558";"NR104";"Lave-Singe";"Bailcus"
"A8568";"NR131";"Micro-Ondes";"Kaes"
"B8571";"NR163";"Table À Repasser";"Ies"
"A8584";"NR142";"Lave-Singe";"Nagul"
"B8602";"NR257";"Brosse À Dents";"Kaes"
"A8615";"NR235";"Pèse-Personne";"Motin"
"A8633";"NR55";"Réfrigérateur-Congélateur";"Dülius"
"B8651";"NR262";"Nettoyeur À Vapeur";"Bailcus"
"A8669";"NR126";"Sèche-Linge";"Aubobotus"
"B8686";"NR127";"Aspirateur";"Grarul"
"A8694";"NR122";"Micro-Ondes";"Kebitor Loicio Bibicus"
"B8698";"NR33";"Réfrigérateur";"Bargyr"
"A8718";"NR123";"Climatiseur";"Daggyr"
"B8725";"NR257";"Brosse À Dents";"Kaes"
"B8727";"NR261";"Centrale Vapeur";"Eutin"
"A8744";"NR173";"Barbecue";"Daäguloïtin"
"A8757";"NR16";"Table À Repasser";"Eutin"
"A8770";"NR211";"Table À Repasser";"Ioes Koboes"
"B8780";"NR283";"Nettoyeur À Vapeur";"Angulius Eucus"
"B8792";"NR119";"Expresso";"Rag"
"B8806";"NR51";"Brosse À Dents";"Anes"
"A8813";"NR59";"Expresso";"Ies"
"B8831";"NR93";"Nettoyeur À Vapeur";"Rob"
"A8846";"NR151";"Cuisinière";"Caques"
"B8852";"NR233";"Bouilloire";"Bahuonbucus"
"B8855";"NR183";"Centrifugeuse";"Ioes Koboes"
"A8869";"NR183";"Centrifugeuse";"Ioes Koboes"
"A8887";"NR26";"Cuiseur De Riz";"Dilius Antor"
"B8892";"NR34";"Rasoir";"Kra"
"B8911";"NR191";"Plaque De Cuisson";"Aufritin"
"B8928";"NR72";"Bouilloire";"Daggyr"
"B8946";"NR189";"Centrale Vapeur";"Faänus Düonus"
"B8948";"NR189";"Centrale Vapeur";"Faänus Düonus"
"B8959";"NR245";"Moulin À Café";"Catin Baes"
"B8976";"NR273";"Réfrigérateur-Congélateur";"Juaimtoilius"
"B8987";"NR297";"Réfrigérateur";"Anus"
"A8994";"NR244";"Cuisinière";"Opälius"
"A8997";"NR48";"Barbecue";"Angulius Eucus"
"A9016";"NR74";"Aspirateur";"Eulus"
"A9023";"NR97";"Plaque De Cuisson";"Catin Baes"
"B9028";"NR241";"Pèse-Personne";"Kelius Loicio"
"B9030";"NR68";"Fer À Repasser";"Alus"
"A9035";"NR292";"Centrifugeuse";"Loibucio Bracio Aubotus"
"B9036";"NR114";"Aspirateur";"Biôdaécio"
"B9044";"NR45";"Table À Repasser";"Xanius Xanillus Sies"
"A9052";"NR41";"Expresso";"Sicio"
"A9056";"NR17";"Barbecue";"Béàtus"
"A9058";"NR193";"Cuit Vapeur";"Caes Xanälius"
"B9068";"NR96";"Réfrigérateur";"Düolius Sitor"
"A9078";"NR251";"Sèche-Linge";"Angulius Eucus"
"B9091";"NR70";"Nettoyeur À Vapeur";"Dübebibeonius"
"A9094";"NR128";"Four À Gaz";"Nagul"
"B9111";"NR152";"Micro-Ondes";"Moacio Ditus Auguslus"
"A9116";"NR63";"Centrifugeuse";"Kefrinus"
"B9132";"NR76";"Cireuse";"Düolius Sitor"
"A9134";"NR275";"Aspirateur";"Alus"
"B9135";"NR142";"Lave-Singe";"Nagul"
"B9139";"NR16";"Table À Repasser";"Eutin"
"A9150";"NR130";"Expresso";"Faquoäloïius"
"B9155";"NR181";"Centrale Vapeur";"Eutin"
"B9160";"NR55";"Réfrigérateur-Congélateur";"Dülius"
"A9164";"NR49";"Barbecue";"Sinus Kaillus"
"B9182";"NR82";"Cuiseur De Riz";"Fanulillus"
"B9190";"NR134";"Réfrigérateur-Congélateur";"Dilius Antor"
"A9206";"NR60";"Brosse À Dents";"Autoôlus"
"A9213";"NR131";"Micro-Ondes";"Kaes"
"A9214";"NR73";"Expresso";"Cailtor"
"A9230";"NR107";"Centrale Vapeur";"Ales Bicus Opiltin"
"B9243";"NR220";"Pèse-Personne";"Sinus Kaillus"
"A9250";"NR200";"Rasoir";"Kolus Daalus Dooncus"
"A9269";"NR152";"Micro-Ondes";"Moacio Ditus Auguslus"
"A9285";"NR219";"Sèche-Linge";"Facus"
"A9297";"NR116";"Expresso";"Barbul"
"A9308";"NR53";"Cuit Vapeur";"Opälius"
"B9309";"NR253";"Climatiseur";"Dütoiàtocio"
"A9311";"NR10";"Aspirateur";"Dradul"
"B9320";"NR243";"Cafetière";"Motin"
"B9325";"NR218";"Bouilloire";"Zra"
"A9334";"NR183";"Centrifugeuse";"Ioes Koboes"
"A9344";"NR194";"Moulin À Café";"Aubobotus"
"A9364";"NR18";"Cave À Vin";"Ies"
"A9376";"NR61";"Cuisinière";"Falus"
"B9393";"NR229";"Rasoir";"Anus"
"B9401";"NR300";"Sèche-Linge";"Eutin"
"B9412";"NR137";"Lave-Vaisselle";"Kra"
"B9418";"NR34";"Rasoir";"Kra"
"A9424";"NR152";"Micro-Ondes";"Moacio Ditus Auguslus"
"A9433";"NR202";"Centrale Vapeur";"Barbul"
"B9434";"NR192";"Cafetière";"Cailtor"
"B9436";"NR32";"Lave-Vaisselle";"Gob"
"A9437";"NR65";"Cave À Vin";"Aaôtin"
"A9457";"NR54";"Centrale Vapeur";"Aaôtin"
"B9468";"NR208";"Four Traditionnel";"Daggyr"
"B9484";"NR26";"Cuiseur De Riz";"Dilius Antor"
"A9497";"NR188";"Cuit Vapeur";"Kelius Loicio"
"B9517";"NR274";"Rasoir";"Rob"
"A9537";"NR268";"Cafetière";"Dradul"
"B9544";"NR76";"Cireuse";"Düolius Sitor"
"A9564";"NR174";"Nettoyeur À Vapeur";"Düolius Sitor"
"B9577";"NR185";"Aspirateur";"Bilius Elus"
"B9579";"NR289";"Pèse-Personne";"Bailcus"
"B9582";"NR263";"Bouilloire";"Anes"
"A9600";"NR223";"Climatiseur";"Sinus Kaillus"
"B9620";"NR242";"Pèse-Personne";"Catin Baes"
"B9637";"NR82";"Cuiseur De Riz";"Fanulillus"
"A9638";"NR288";"Cuisinière";"Aubobotus"
"A9653";"NR110";"Cuit Vapeur";"Waavyr"
"A9662";"NR298";"Four À Vapeur";"Cafritor"
"B9671";"NR224";"Cave À Vin";"Zob"
"B9672";"NR39";"Lave-Singe";"Xanaulus"
"A9674";"NR91";"Cave À Vin";"Cailtor"
"A9693";"NR242";"Pèse-Personne";"Catin Baes"
"A9695";"NR267";"Expresso";"Anes"
"A9709";"NR286";"Cave À Vin";"Anes"
"B9715";"NR179";"Sèche-Linge";"Bailcus"
"A9716";"NR266";"Cuiseur De Riz";"Aufritin"
"A9733";"NR18";"Cave À Vin";"Ies"
"A9746";"NR45";"Table À Repasser";"Xanius Xanillus Sies"
"A9751";"NR155";"Four À Vapeur";"Xanees"
"B9762";"NR285";"Cafetière";"Kolus Daalus Dooncus"
"A9764";"NR151";"Cuisinière";"Caques"
"B9779";"NR150";"Moulin À Café";"Opälius"
"A9791";"NR259";"Réfrigérateur-Congélateur";"Kra"
"A9806";"NR132";"Cave À Vin";"Rag"
"B9809";"NR254";"Nettoyeur À Vapeur";"Sicio"
"A9824";"NR280";"Centrifugeuse";"Kra"
"A9838";"NR54";"Centrale Vapeur";"Aaôtin"
"B9846";"NR140";"Climatiseur";"Zobgul"
"A9851";"NR185";"Aspirateur";"Bilius Elus"
"B9858";"NR19";"Cafetière";"Zobgul"
"A9875";"NR87";"Sèche-Linge";"Kebitor Loicio Bibicus"
"B9883";"NR39";"Lave-Singe";"Xanaulus"
"B9900";"NR70";"Nettoyeur À Vapeur";"Dübebibeonius"
"B9904";"NR70";"Nettoyeur À Vapeur";"Dübebibeonius"
"A9911";"NR33";"Réfrigérateur";"Bargyr"
"B9915";"NR42";"Cafetière";"Cailtor"
"A9921";"NR201";"Micro-Ondes";"Loibucio Bracio Aubotus"
"B9934";"NR96";"Réfrigérateur";"Düolius Sitor"
"A9953";"NR1";"Congélateur";"Daäguloïtin"
"A9965";"NR187";"Micro-Ondes";"Eulus"
"B9981";"NR26";"Cuiseur De Riz";"Dilius Antor"
"B9989";"NR24";"Four Traditionnel";"Enuliläcus"
"B10009";"NR13";"Cave À Vin";"Zra"
"B10010";"NR222";"Centrale Vapeur";"Gob"
"A10030";"NR81";"Congélateur";"Sicio"
"B10037";"NR231";"Climatiseur";"Grarul"
"B10038";"NR245";"Moulin À Café";"Catin Baes"
"A10057";"NR224";"Cave À Vin";"Zob"
"B10077";"NR274";"Rasoir";"Rob"
"A10080";"NR168";"Centrifugeuse";"Eulus"
"A10088";"NR107";"Centrale Vapeur";"Ales Bicus Opiltin"
"A10095";"NR119";"Expresso";"Rag"
"B10103";"NR213";"Centrale Vapeur";"Angulius Eucus"
"B10121";"NR124";"Expresso";"Opimcus"
"B10128";"NR223";"Climatiseur";"Sinus Kaillus"
"B10135";"NR75";"Sèche-Linge";"Egutor Alius Itin"
"A10138";"NR6";"Fer À Repasser";"Boobul"
"A10140";"NR286";"Cave À Vin";"Anes"
"A10157";"NR247";"Rasoir";"Kra"
"A10174";"NR81";"Congélateur";"Sicio"
"B10175";"NR267";"Expresso";"Anes"
"B10192";"NR212";"Pèse-Personne";"Barbul"
"A10195";"NR217";"Fer À Repasser";"Kolus Daalus Dooncus"
"B10213";"NR114";"Aspirateur";"Biôdaécio"
"A10222";"NR196";"Lave-Singe";"Enuliläcus"
"A10229";"NR44";"Aspirateur";"Faänus Düonus"
"B10241";"NR276";"Cave À Vin";"Rob"
"A10258";"NR97";"Plaque De Cuisson";"Catin Baes"
"A10266";"NR63";"Centrifugeuse";"Kefrinus"
"B10271";"NR127";"Aspirateur";"Grarul"
"A10274";"NR60";"Brosse À Dents";"Autoôlus"
"A10280";"NR106";"Aspirateur";"Motin"
"B10296";"NR295";"Centrale Vapeur";"Boobul"
"A10312";"NR36";"Fer À Repasser";"Béàtus"
"A10316";"NR227";"Barbecue";"Duäcio Bicio Xanimius"
"A10318";"NR77";"Cireuse";"Anus"
"B10329";"NR47";"Bouilloire";"Boobul"
"A10333";"NR213";"Centrale Vapeur";"Angulius Eucus"
"A10336";"NR275";"Aspirateur";"Alus"
"B10348";"NR142";"Lave-Singe";"Nagul"
"A10349";"NR144";"Congélateur";"Kebitor Loicio Bibicus"
"A10369";"NR122";"Micro-Ondes";"Kebitor Loicio Bibicus"
"B10378";"NR292";"Centrifugeuse";"Loibucio Bracio Aubotus"
"A10391";"NR84";"Lave-Vaisselle";"Eulus"
"B10408";"NR257";"Brosse À Dents";"Kaes"
"A10417";"NR10";"Aspirateur";"Dradul"
"A10426";"NR239";"Aspirateur";"Opälius"
"B10437";"NR50";"Cave À Vin";"Retus"
"A10454";"NR214";"Climatiseur";"Caques"
"A10471";"NR121";"Lave-Singe";"Kelius Loicio"
"A10489";"NR160";"Aspirateur";"Grarul"
"B10504";"NR161";"Plaque De Cuisson";"Zobgul"
"A10520";"NR11";"Congélateur";"Opocus"
"B10539";"NR76";"Cireuse";"Düolius Sitor"
"A10549";"NR211";"Table À Repasser";"Ioes Koboes"
"B10565";"NR180";"Barbecue";"Sicio"
"A10567";"NR285";"Cafetière";"Kolus Daalus Dooncus"
"A10571";"NR73";"Expresso";"Cailtor"
"A10582";"NR187";"Micro-Ondes";"Eulus"
"B10597";"NR57";"Expresso";"Judaeloïees"
"B10611";"NR224";"Cave À Vin";"Zob"
"B10612";"NR11";"Congélateur";"Opocus"
"B10613";"NR127";"Aspirateur";"Grarul"
"A10614";"NR258";"Brosse À Dents";"Autoôlus"
"B10626";"NR257";"Brosse À Dents";"Kaes"
"B10634";"NR276";"Cave À Vin";"Rob"
"A10644";"NR213";"Centrale Vapeur";"Angulius Eucus"
"B10653";"NR178";"Moulin À Café";"Egutor Alius Itin"
"A10668";"NR29";"Barbecue";"Anes"
"B10683";"NR249";"Centrale Vapeur";"Ioes Koboes"
"B10690";"NR155";"Four À Vapeur";"Xanees"
"B10691";"NR303";"Lave-Vaisselle";"Dütoiàtocio"
"B10703";"NR179";"Sèche-Linge";"Bailcus"
"A10717";"NR199";"Centrifugeuse";"Kolus Daalus Dooncus"
"A10720";"NR28";"Cuisinière";"Opälius"
"A10727";"NR95";"Four À Gaz";"Aaôtin"
"A10744";"NR128";"Four À Gaz";"Nagul"
"A10756";"NR198";"Sèche-Linge";"Bailcus"
"B10759";"NR35";"Barbecue";"Fanulillus"
"A10765";"NR284";"Brosse À Dents";"Faänus Düonus"
"A10772";"NR156";"Moulin À Café";"Falus"
"A10792";"NR251";"Sèche-Linge";"Angulius Eucus"
"A10811";"NR245";"Moulin À Café";"Catin Baes"
"B10828";"NR146";"Cafetière";"Anus"
"B10846";"NR83";"Réfrigérateur-Congélateur";"Angulius Eucus"
"B10860";"NR57";"Expresso";"Judaeloïees"
"A10867";"NR300";"Sèche-Linge";"Eutin"
"A10877";"NR221";"Plaque De Cuisson";"Aaôtin"
"A10887";"NR154";"Cafetière";"Opälius"
"B10903";"NR97";"Plaque De Cuisson";"Catin Baes"
"A10919";"NR21";"Cafetière";"Biôlàbodalus"
"B10939";"NR89";"Réfrigérateur";"Biôlàbodalus"
"B10942";"NR180";"Barbecue";"Sicio"
"A10959";"NR180";"Barbecue";"Sicio"
"A10962";"NR95";"Four À Gaz";"Aaôtin"
"A10973";"NR65";"Cave À Vin";"Aaôtin"
"A10979";"NR248";"Cave À Vin";"Motin"
"B10995";"NR31";"Micro-Ondes";"Bar"
"B10997";"NR57";"Expresso";"Judaeloïees"
"A11002";"NR200";"Rasoir";"Kolus Daalus Dooncus"
"A11012";"NR255";"Bouilloire";"Daggyr"
"B11018";"NR78";"Cuisinière";"Opälius"
"A11023";"NR212";"Pèse-Personne";"Barbul"
"A11043";"NR268";"Cafetière";"Dradul"
"B11047";"NR38";"Sèche-Linge";"Judaeloïees"
"A11062";"NR13";"Cave À Vin";"Zra"
"A11079";"NR144";"Congélateur";"Kebitor Loicio Bibicus"
"B11081";"NR246";"Aspirateur";"Kolus Daalus Dooncus"
"A11092";"NR12";"Four À Vapeur";"Judaeloïees"
"A11100";"NR288";"Cuisinière";"Aubobotus"
"A11112";"NR160";"Aspirateur";"Grarul"
"A11120";"NR106";"Aspirateur";"Motin"
"B11129";"NR287";"Sèche-Linge";"Béàtus"
"A11136";"NR276";"Cave À Vin";"Rob"
"A11150";"NR67";"Lave-Vaisselle";"Duäcio Bicio Xanimius"
"B11156";"NR274";"Rasoir";"Rob"
"A11174";"NR119";"Expresso";"Rag"
"A11188";"NR180";"Barbecue";"Sicio"
"A11207";"NR21";"Cafetière";"Biôlàbodalus"
"A11224";"NR20";"Réfrigérateur";"Dülius"
"A11241";"NR276";"Cave À Vin";"Rob"
"B11242";"NR58";"Cireuse";"Anes"
"A11258";"NR206";"Aspirateur";"Bilius Elus"
"B11269";"NR250";"Fer À Repasser";"Juaimtoilius"
"B11277";"NR139";"Plaque De Cuisson";"Dübebibeonius"
"B11292";"NR152";"Micro-Ondes";"Moacio Ditus Auguslus"
"B11311";"NR248";"Cave À Vin";"Motin"
"A11313";"NR299";"Cuisinière";"Bailcus"
"B11315";"NR263";"Bouilloire";"Anes"
"A11324";"NR168";"Centrifugeuse";"Eulus"
"A11329";"NR134";"Réfrigérateur-Congélateur";"Dilius Antor"
"A11348";"NR295";"Centrale Vapeur";"Boobul"
"B11351";"NR107";"Centrale Vapeur";"Ales Bicus Opiltin"
"B11356";"NR188";"Cuit Vapeur";"Kelius Loicio"
"A11365";"NR218";"Bouilloire";"Zra"
"A11377";"NR158";"Table À Repasser";"Caques"
"A11386";"NR110";"Cuit Vapeur";"Waavyr"
"B11406";"NR90";"Climatiseur";"Rag"
"A11421";"NR34";"Rasoir";"Kra"
"A11439";"NR79";"Congélateur";"Eutin"
"A11455";"NR276";"Cave À Vin";"Rob"
"A11468";"NR99";"Réfrigérateur";"Cafritor"
"A11483";"NR299";"Cuisinière";"Bailcus"
"B11494";"NR245";"Moulin À Café";"Catin Baes"
"A11495";"NR113";"Fer À Repasser";"Cafritor"
"A11507";"NR89";"Réfrigérateur";"Biôlàbodalus"
"A11517";"NR213";"Centrale Vapeur";"Angulius Eucus"
"A11519";"NR162";"Micro-Ondes";"Biôdaécio"
"B11523";"NR265";"Cafetière";"Aubobotus"
"B11526";"NR64";"Fer À Repasser";"Autoôlus"
"B11533";"NR221";"Plaque De Cuisson";"Aaôtin"
"B11538";"NR262";"Nettoyeur À Vapeur";"Bailcus"
"A11551";"NR214";"Climatiseur";"Caques"
"B11560";"NR117";"Pèse-Personne";"Kebitor Loicio Bibicus"
"B11565";"NR46";"Brosse À Dents";"Dilius Antor"
"B11582";"NR107";"Centrale Vapeur";"Ales Bicus Opiltin"
"B11598";"NR96";"Réfrigérateur";"Düolius Sitor"
"A11600";"NR259";"Réfrigérateur-Congélateur";"Kra"
"A11607";"NR235";"Pèse-Personne";"Motin"
"A11616";"NR196";"Lave-Singe";"Enuliläcus"
"A11634";"NR201";"Micro-Ondes";"Loibucio Bracio Aubotus"
"B11648";"NR299";"Cuisinière";"Bailcus"
"B11663";"NR195";"Cuiseur De Riz";"Barbul"
"B11674";"NR2";"Cave À Vin";"Batogusguloïes"
"B11693";"NR227";"Barbecue";"Duäcio Bicio Xanimius"
"B11706";"NR152";"Micro-Ondes";"Moacio Ditus Auguslus"
"B11714";"NR43";"Congélateur";"Ancus"
"B11730";"NR246";"Aspirateur";"Kolus Daalus Dooncus"
"B11742";"NR127";"Aspirateur";"Grarul"
"A11750";"NR295";"Centrale Vapeur";"Boobul"
"B11755";"NR66";"Congélateur";"Kelius Loicio"
"A11763";"NR170";"Bouilloire";"Caimnus Bidatus Silius"
"B11764";"NR2";"Cave À Vin";"Batogusguloïes"
"B11768";"NR250";"Fer À Repasser";"Juaimtoilius"
"B11786";"NR244";"Cuisinière";"Opälius"
"B11787";"NR260";"Cuisinière";"Waa"
"A11806";"NR53";"Cuit Vapeur";"Opälius"
"B11809";"NR79";"Congélateur";"Eutin"
"A11828";"NR43";"Congélateur";"Ancus"
"B11844";"NR70";"Nettoyeur À Vapeur";"Dübebibeonius"
"A11845";"NR177";"Plaque De Cuisson";"Daäguloïtin"
"B11848";"NR293";"Cireuse";"Faänus Düonus"
"B11857";"NR73";"Expresso";"Cailtor"
"B11858";"NR19";"Cafetière";"Zobgul"
"B11865";"NR212";"Pèse-Personne";"Barbul"
"A11881";"NR197";"Cireuse";"Ales Bicus Opiltin"
"B11889";"NR302";"Nettoyeur À Vapeur";"Xanees"
"B11902";"NR189";"Centrale Vapeur";"Faänus Düonus"
"A11922";"NR3";"Climatiseur";"Dradul"
"A11925";"NR284";"Brosse À Dents";"Faänus Düonus"
"A11927";"NR44";"Aspirateur";"Faänus Düonus"
"B11938";"NR296";"Lave-Singe";"Biôlàbodalus"
"A11941";"NR117";"Pèse-Personne";"Kebitor Loicio Bibicus"
"B11956";"NR301";"Micro-Ondes";"Dülius"
"A11963";"NR188";"Cuit Vapeur";"Kelius Loicio"
"B11967";"NR46";"Brosse À Dents";"Dilius Antor"
"B11983";"NR191";"Plaque De Cuisson";"Aufritin"
"A11985";"NR277";"Rasoir";"Zobgul"
"A12005";"NR173";"Barbecue";"Daäguloïtin"
"A12025";"NR238";"Réfrigérateur-Congélateur";"Béàtus"
"B12027";"NR156";"Moulin À Café";"Falus"
"B12040";"NR239";"Aspirateur";"Opälius"
"A12058";"NR47";"Bouilloire";"Boobul"
"B12070";"NR277";"Rasoir";"Zobgul"
"B12087";"NR90";"Climatiseur";"Rag"
"A12097";"NR267";"Expresso";"Anes"
"A12115";"NR32";"Lave-Vaisselle";"Gob"
"A12118";"NR17";"Barbecue";"Béàtus"
"A12138";"NR303";"Lave-Vaisselle";"Dütoiàtocio"
"A12154";"NR105";"Expresso";"Dübebibeonius"
"A12164";"NR30";"Réfrigérateur-Congélateur";"Baôtus"
"A12178";"NR168";"Centrifugeuse";"Eulus"
"B12189";"NR86";"Pèse-Personne";"Zob"
"B12209";"NR34";"Rasoir";"Kra"
"B12217";"NR177";"Plaque De Cuisson";"Daäguloïtin"
"B12221";"NR183";"Centrifugeuse";"Ioes Koboes"
"B12226";"NR141";"Expresso";"Dütoiàtocio"
"B12228";"NR202";"Centrale Vapeur";"Barbul"
"B12247";"NR235";"Pèse-Personne";"Motin"
"A12258";"NR256";"Réfrigérateur-Congélateur";"Waa"
"A12275";"NR300";"Sèche-Linge";"Eutin"
"B12285";"NR5";"Brosse À Dents";"Daggyr"
"B12305";"NR152";"Micro-Ondes";"Moacio Ditus Auguslus"
"B12315";"NR166";"Bouilloire";"Loibucio Bracio Aubotus"
"B12318";"NR69";"Barbecue";"Cafritor"
"B12325";"NR282";"Réfrigérateur-Congélateur";"Zra"
"A12338";"NR143";"Table À Repasser";"Banulius Eutor Iunus"
"B12352";"NR131";"Micro-Ondes";"Kaes"
"B12366";"NR53";"Cuit Vapeur";"Opälius"
"A12374";"NR287";"Sèche-Linge";"Béàtus"
"A12383";"NR236";"Réfrigérateur";"Biôlàbodalus"
"B12393";"NR64";"Fer À Repasser";"Autoôlus"
"A12412";"NR302";"Nettoyeur À Vapeur";"Xanees"
"B12422";"NR81";"Congélateur";"Sicio"
"A12442";"NR173";"Barbecue";"Daäguloïtin"
"A12457";"NR268";"Cafetière";"Dradul"
"A12469";"NR138";"Cuiseur De Riz";"Falus"
"B12488";"NR181";"Centrale Vapeur";"Eutin"
"B12505";"NR131";"Micro-Ondes";"Kaes"
"A12524";"NR89";"Réfrigérateur";"Biôlàbodalus"
"B12525";"NR243";"Cafetière";"Motin"
"B12529";"NR63";"Centrifugeuse";"Kefrinus"
"A12539";"NR68";"Fer À Repasser";"Alus"
"A12540";"NR265";"Cafetière";"Aubobotus"
"B12545";"NR83";"Réfrigérateur-Congélateur";"Angulius Eucus"
"A12559";"NR70";"Nettoyeur À Vapeur";"Dübebibeonius"
"B12571";"NR183";"Centrifugeuse";"Ioes Koboes"
"B12574";"NR80";"Four À Vapeur";"Ales Bicus Opiltin"
"A12582";"NR116";"Expresso";"Barbul"
"B12598";"NR248";"Cave À Vin";"Motin"
"B12608";"NR182";"Cave À Vin";"Angulius Eucus"
"B12617";"NR80";"Four À Vapeur";"Ales Bicus Opiltin"
"B12630";"NR28";"Cuisinière";"Opälius"
"A12647";"NR14";"Lave-Vaisselle";"Bar"
"B12664";"NR200";"Rasoir";"Kolus Daalus Dooncus"
"B12675";"NR220";"Pèse-Personne";"Sinus Kaillus"
"B12685";"NR2";"Cave À Vin";"Batogusguloïes"
"B12689";"NR200";"Rasoir";"Kolus Daalus Dooncus"
"A12692";"NR242";"Pèse-Personne";"Catin Baes"
"A12696";"NR92";"Table À Repasser";"Bailcus"
"A12713";"NR79";"Congélateur";"Eutin"
"B12714";"NR4";"Congélateur";"Opocus"
"A12722";"NR257";"Brosse À Dents";"Kaes"
"A12730";"NR236";"Réfrigérateur";"Biôlàbodalus"
"A12741";"NR82";"Cuiseur De Riz";"Fanulillus"
"B12758";"NR64";"Fer À Repasser";"Autoôlus"
"A12765";"NR228";"Centrale Vapeur";"Juaimtoilius"
"B12772";"NR48";"Barbecue";"Angulius Eucus"
"B12785";"NR23";"Nettoyeur À Vapeur";"Dübebibeonius"
"B12798";"NR50";"Cave À Vin";"Retus"
"B12802";"NR92";"Table À Repasser";"Bailcus"
"A12821";"NR96";"Réfrigérateur";"Düolius Sitor"
"B12835";"NR288";"Cuisinière";"Aubobotus"
"B12851";"NR222";"Centrale Vapeur";"Gob"
"A12871";"NR228";"Centrale Vapeur";"Juaimtoilius"
"A12873";"NR301";"Micro-Ondes";"Dülius"
"B12882";"NR15";"Four À Vapeur";"Grarul"
"A12902";"NR250";"Fer À Repasser";"Juaimtoilius"
"B12905";"NR220";"Pèse-Personne";"Sinus Kaillus"
"A12909";"NR13";"Cave À Vin";"Zra"
"A12919";"NR77";"Cireuse";"Anus"
"B12932";"NR60";"Brosse À Dents";"Autoôlus"
"B12950";"NR186";"Sèche-Linge";"Eutin"
"A12955";"NR107";"Centrale Vapeur";"Ales Bicus Opiltin"
"B12966";"NR264";"Table À Repasser";"Duäcio Bicio Xanimius"
"B12983";"NR302";"Nettoyeur À Vapeur";"Xanees"
"A12994";"NR126";"Sèche-Linge";"Aubobotus"
"B13002";"NR133";"Lave-Vaisselle";"Côgualoïcio"
"B13003";"NR101";"Nettoyeur À Vapeur";"Dülius"
"A13005";"NR154";"Cafetière";"Opälius"
"B13006";"NR36";"Fer À Repasser";"Béàtus"
"B13014";"NR55";"Réfrigérateur-Congélateur";"Dülius"
"B13016";"NR61";"Cuisinière";"Falus"
"A13034";"NR84";"Lave-Vaisselle";"Eulus"
"B13048";"NR286";"Cave À Vin";"Anes"
"A13056";"NR78";"Cuisinière";"Opälius"
"A13062";"NR50";"Cave À Vin";"Retus"
"B13065";"NR273";"Réfrigérateur-Congélateur";"Juaimtoilius"
"A13078";"NR300";"Sèche-Linge";"Eutin"
"B13082";"NR8";"Cuisinière";"Banulius Eutor Iunus"
"A13090";"NR260";"Cuisinière";"Waa"
"A13103";"NR204";"Plaque De Cuisson";"Loibucio Bracio Aubotus"
"B13110";"NR225";"Congélateur";"Duäcio Bicio Xanimius"
"A13116";"NR2";"Cave À Vin";"Batogusguloïes"
"A13125";"NR80";"Four À Vapeur";"Ales Bicus Opiltin"
"B13129";"NR296";"Lave-Singe";"Biôlàbodalus"
"A13134";"NR176";"Cafetière";"Waa"
"B13135";"NR275";"Aspirateur";"Alus"
"B13137";"NR22";"Cireuse";"Kra"
"B13150";"NR111";"Four Traditionnel";"Motin"
"A13156";"NR16";"Table À Repasser";"Eutin"
"A13162";"NR161";"Plaque De Cuisson";"Zobgul"
"A13181";"NR90";"Climatiseur";"Rag"
"A13201";"NR101";"Nettoyeur À Vapeur";"Dülius"
"B13205";"NR107";"Centrale Vapeur";"Ales Bicus Opiltin"
"A13207";"NR288";"Cuisinière";"Aubobotus"
"B13213";"NR118";"Plaque De Cuisson";"Aufritin"
"B13230";"NR298";"Four À Vapeur";"Cafritor"
"B13244";"NR292";"Centrifugeuse";"Loibucio Bracio Aubotus"
"A13261";"NR99";"Réfrigérateur";"Cafritor"
"A13273";"NR300";"Sèche-Linge";"Eutin"
"A13287";"NR22";"Cireuse";"Kra"
"A13300";"NR111";"Four Traditionnel";"Motin"
"A13310";"NR249";"Centrale Vapeur";"Ioes Koboes"
"B13320";"NR210";"Centrifugeuse";"Alus"
"A13329";"NR43";"Congélateur";"Ancus"
"B13343";"NR219";"Sèche-Linge";"Facus"
"B13356";"NR2";"Cave À Vin";"Batogusguloïes"
"B13359";"NR170";"Bouilloire";"Caimnus Bidatus Silius"
"A13362";"NR10";"Aspirateur";"Dradul"
"A13380";"NR237";"Réfrigérateur";"Eulus"
"A13393";"NR294";"Pèse-Personne";"Düolius Sitor"
"B13412";"NR16";"Table À Repasser";"Eutin"
"B13415";"NR15";"Four À Vapeur";"Grarul"
"A13421";"NR253";"Climatiseur";"Dütoiàtocio"
"A13432";"NR241";"Pèse-Personne";"Kelius Loicio"
"B13442";"NR24";"Four Traditionnel";"Enuliläcus"
"A13462";"NR48";"Barbecue";"Angulius Eucus"
"B13463";"NR98";"Cireuse";"Kebitor Loicio Bibicus"
"A13473";"NR56";"Pèse-Personne";"Anus"
"A13482";"NR68";"Fer À Repasser";"Alus"
"B13502";"NR44";"Aspirateur";"Faänus Düonus"
"A13513";"NR170";"Bouilloire";"Caimnus Bidatus Silius"
"B13514";"NR99";"Réfrigérateur";"Cafritor"
"A13518";"NR135";"Centrifugeuse";"Retus"
"B13538";"NR87";"Sèche-Linge";"Kebitor Loicio Bibicus"
"A13546";"NR151";"Cuisinière";"Caques"
"A13556";"NR138";"Cuiseur De Riz";"Falus"
"A13562";"NR2";"Cave À Vin";"Batogusguloïes"
"A13565";"NR17";"Barbecue";"Béàtus"
"A13578";"NR263";"Bouilloire";"Anes"
"B13589";"NR271";"Table À Repasser";"Zob"
"A13607";"NR111";"Four Traditionnel";"Motin"
"B13609";"NR239";"Aspirateur";"Opälius"
"B13622";"NR85";"Expresso";"Aubobotus"
"A13624";"NR173";"Barbecue";"Daäguloïtin"
"B13635";"NR291";"Réfrigérateur-Congélateur";"Angulius Eucus"
"B13642";"NR294";"Pèse-Personne";"Düolius Sitor"
"A13655";"NR123";"Climatiseur";"Daggyr"
"A13668";"NR260";"Cuisinière";"Waa"
"B13685";"NR190";"Pèse-Personne";"Kelius Loicio"
"B13691";"NR92";"Table À Repasser";"Bailcus"
"A13707";"NR159";"Fer À Repasser";"Motin"
"A13717";"NR157";"Four À Gaz";"Kra"
"B13732";"NR8";"Cuisinière";"Banulius Eutor Iunus"
"A13735";"NR48";"Barbecue";"Angulius Eucus"
"A13740";"NR157";"Four À Gaz";"Kra"
"A13751";"NR236";"Réfrigérateur";"Biôlàbodalus"
"B13763";"NR264";"Table À Repasser";"Duäcio Bicio Xanimius"
"A13773";"NR248";"Cave À Vin";"Motin"
"B13781";"NR30";"Réfrigérateur-Congélateur";"Baôtus"
"B13796";"NR57";"Expresso";"Judaeloïees"
"B13800";"NR176";"Cafetière";"Waa"
"A13819";"NR268";"Cafetière";"Dradul"
"A13823";"NR172";"Nettoyeur À Vapeur";"Daäguloïtin"
"B13832";"NR248";"Cave À Vin";"Motin"
"A13839";"NR210";"Centrifugeuse";"Alus"
"B13851";"NR204";"Plaque De Cuisson";"Loibucio Bracio Aubotus"
"A13860";"NR167";"Rasoir";"Bailcus"
"B13877";"NR239";"Aspirateur";"Opälius"
"B13885";"NR290";"Cuiseur De Riz";"Cafritor"
"A13900";"NR207";"Cave À Vin";"Xanius Xanillus Sies"
"A13908";"NR300";"Sèche-Linge";"Eutin"
"A13928";"NR244";"Cuisinière";"Opälius"
"B13946";"NR73";"Expresso";"Cailtor"
"A13956";"NR157";"Four À Gaz";"Kra"
"A13965";"NR209";"Four À Vapeur";"Dilius Antor"
"B13977";"NR256";"Réfrigérateur-Congélateur";"Waa"
"A13994";"NR119";"Expresso";"Rag"
"B14005";"NR209";"Four À Vapeur";"Dilius Antor"
"A14007";"NR61";"Cuisinière";"Falus"
"A14025";"NR10";"Aspirateur";"Dradul"
"A14035";"NR257";"Brosse À Dents";"Kaes"
"A14037";"NR45";"Table À Repasser";"Xanius Xanillus Sies"
"A14055";"NR227";"Barbecue";"Duäcio Bicio Xanimius"
"B14071";"NR37";"Four À Gaz";"Bailcus"
"A14072";"NR17";"Barbecue";"Béàtus"
"B14085";"NR54";"Centrale Vapeur";"Aaôtin"
"B14092";"NR234";"Réfrigérateur-Congélateur";"Autoôlus"
"B14099";"NR153";"Cave À Vin";"Gob"
"A14109";"NR22";"Cireuse";"Kra"
"B14115";"NR202";"Centrale Vapeur";"Barbul"
"A14134";"NR55";"Réfrigérateur-Congélateur";"Dülius"
"A14146";"NR97";"Plaque De Cuisson";"Catin Baes"
"B14159";"NR5";"Brosse À Dents";"Daggyr"
"A14169";"NR28";"Cuisinière";"Opälius"
"A14170";"NR54";"Centrale Vapeur";"Aaôtin"
"A14187";"NR150";"Moulin À Café";"Opälius"
"A14188";"NR149";"Climatiseur";"Xanees"
"A14195";"NR205";"Four À Gaz";"Kolus Daalus Dooncus"
"B14214";"NR22";"Cireuse";"Kra"
"A14231";"NR195";"Cuiseur De Riz";"Barbul"
"B14239";"NR218";"Bouilloire";"Zra"
"B14258";"NR39";"Lave-Singe";"Xanaulus"
"B14275";"NR245";"Moulin À Café";"Catin Baes"
"A14284";"NR229";"Rasoir";"Anus"
"A14296";"NR81";"Congélateur";"Sicio"
"B14316";"NR152";"Micro-Ondes";"Moacio Ditus Auguslus"
"B14319";"NR294";"Pèse-Personne";"Düolius Sitor"
"B14327";"NR12";"Four À Vapeur";"Judaeloïees"
"B14341";"NR221";"Plaque De Cuisson";"Aaôtin"
"A14346";"NR150";"Moulin À Café";"Opälius"
"A14352";"NR96";"Réfrigérateur";"Düolius Sitor"
"B14371";"NR122";"Micro-Ondes";"Kebitor Loicio Bibicus"
"A14381";"NR161";"Plaque De Cuisson";"Zobgul"
"A14401";"NR9";"Centrifugeuse";"Kra"
"B14411";"NR137";"Lave-Vaisselle";"Kra"
"B14428";"NR37";"Four À Gaz";"Bailcus"
"B14429";"NR232";"Cave À Vin";"Waa"
"A14436";"NR136";"Brosse À Dents";"Düolius Sitor"
"B14455";"NR71";"Table À Repasser";"Loibucio Bracio Aubotus"
"A14470";"NR49";"Barbecue";"Sinus Kaillus"
"A14489";"NR45";"Table À Repasser";"Xanius Xanillus Sies"
"A14507";"NR36";"Fer À Repasser";"Béàtus"
"A14520";"NR112";"Cuiseur De Riz";"Judaeloïees"
"B14540";"NR196";"Lave-Singe";"Enuliläcus"
"A14543";"NR86";"Pèse-Personne";"Zob"
"B14550";"NR84";"Lave-Vaisselle";"Eulus"
"B14556";"NR270";"Aspirateur";"Waavyr"
"B14566";"NR283";"Nettoyeur À Vapeur";"Angulius Eucus"
"B14583";"NR26";"Cuiseur De Riz";"Dilius Antor"
"A14584";"NR205";"Four À Gaz";"Kolus Daalus Dooncus"
"A14602";"NR112";"Cuiseur De Riz";"Judaeloïees"
"A14616";"NR99";"Réfrigérateur";"Cafritor"
"A14630";"NR32";"Lave-Vaisselle";"Gob"
"A14636";"NR45";"Table À Repasser";"Xanius Xanillus Sies"
"B14647";"NR256";"Réfrigérateur-Congélateur";"Waa"
"A14667";"NR142";"Lave-Singe";"Nagul"
"A14678";"NR35";"Barbecue";"Fanulillus"
"A14698";"NR244";"Cuisinière";"Opälius"
"A14708";"NR289";"Pèse-Personne";"Bailcus"
"A14724";"NR80";"Four À Vapeur";"Ales Bicus Opiltin"
"B14725";"NR212";"Pèse-Personne";"Barbul"
"B14732";"NR85";"Expresso";"Aubobotus"
"B14734";"NR275";"Aspirateur";"Alus"
"B14746";"NR79";"Congélateur";"Eutin"
"A14762";"NR226";"Cuisinière";"Falus"
"A14766";"NR264";"Table À Repasser";"Duäcio Bicio Xanimius"
"A14775";"NR144";"Congélateur";"Kebitor Loicio Bibicus"
"B14790";"NR88";"Congélateur";"Xanees"
"B14805";"NR249";"Centrale Vapeur";"Ioes Koboes"
"B14811";"NR151";"Cuisinière";"Caques"
"A14815";"NR143";"Table À Repasser";"Banulius Eutor Iunus"
"A14822";"NR77";"Cireuse";"Anus"
"B14835";"NR83";"Réfrigérateur-Congélateur";"Angulius Eucus"
"A14845";"NR241";"Pèse-Personne";"Kelius Loicio"
"A14855";"NR117";"Pèse-Personne";"Kebitor Loicio Bibicus"
"B14868";"NR267";"Expresso";"Anes"
"A14882";"NR295";"Centrale Vapeur";"Boobul"
"A14887";"NR107";"Centrale Vapeur";"Ales Bicus Opiltin"
"B14901";"NR33";"Réfrigérateur";"Bargyr"
"A14906";"NR296";"Lave-Singe";"Biôlàbodalus"
"A14924";"NR96";"Réfrigérateur";"Düolius Sitor"
"A14929";"NR177";"Plaque De Cuisson";"Daäguloïtin"
"A14932";"NR224";"Cave À Vin";"Zob"
"A14945";"NR4";"Congélateur";"Opocus"
"B14948";"NR222";"Centrale Vapeur";"Gob"
"B14960";"NR229";"Rasoir";"Anus"
"A14965";"NR186";"Sèche-Linge";"Eutin"
"B14978";"NR212";"Pèse-Personne";"Barbul"
"A14986";"NR37";"Four À Gaz";"Bailcus"
"A14998";"NR49";"Barbecue";"Sinus Kaillus"
"B15006";"NR33";"Réfrigérateur";"Bargyr"
"A15011";"NR226";"Cuisinière";"Falus"
"A15016";"NR130";"Expresso";"Faquoäloïius"
"A15031";"NR83";"Réfrigérateur-Congélateur";"Angulius Eucus"
"B15034";"NR77";"Cireuse";"Anus"
"B15048";"NR95";"Four À Gaz";"Aaôtin"
"B15053";"NR284";"Brosse À Dents";"Faänus Düonus"
"B15068";"NR109";"Congélateur";"Zobgul"
"A15082";"NR22";"Cireuse";"Kra"
"A15086";"NR5";"Brosse À Dents";"Daggyr"
"A15106";"NR170";"Bouilloire";"Caimnus Bidatus Silius"
"A15117";"NR156";"Moulin À Café";"Falus"
"A15118";"NR29";"Barbecue";"Anes"
"B15134";"NR43";"Congélateur";"Ancus"
"A15154";"NR124";"Expresso";"Opimcus"
"A15167";"NR182";"Cave À Vin";"Angulius Eucus"
"B15181";"NR199";"Centrifugeuse";"Kolus Daalus Dooncus"
"B15199";"NR283";"Nettoyeur À Vapeur";"Angulius Eucus"
"A15218";"NR2";"Cave À Vin";"Batogusguloïes"
"A15229";"NR205";"Four À Gaz";"Kolus Daalus Dooncus"
"A15247";"NR40";"Four Traditionnel";"Caques"
"B15254";"NR246";"Aspirateur";"Kolus Daalus Dooncus"
"B15274";"NR138";"Cuiseur De Riz";"Falus"
"B15288";"NR90";"Climatiseur";"Rag"
"B15301";"NR283";"Nettoyeur À Vapeur";"Angulius Eucus"
"B15320";"NR252";"Brosse À Dents";"Ales Bicus Opiltin"
"A15328";"NR269";"Cafetière";"Bilius Elus"
"A15341";"NR96";"Réfrigérateur";"Düolius Sitor"
"A15360";"NR106";"Aspirateur";"Motin"
"A15374";"NR188";"Cuit Vapeur";"Kelius Loicio"
"B15380";"NR61";"Cuisinière";"Falus"
"B15388";"NR289";"Pèse-Personne";"Bailcus"
"A15398";"NR73";"Expresso";"Cailtor"
"B15413";"NR270";"Aspirateur";"Waavyr"
"B15433";"NR261";"Centrale Vapeur";"Eutin"
"A15434";"NR131";"Micro-Ondes";"Kaes"
"B15446";"NR222";"Centrale Vapeur";"Gob"
"A15458";"NR286";"Cave À Vin";"Anes"
"B15460";"NR216";"Cireuse";"Dilius Antor"
"B15469";"NR81";"Congélateur";"Sicio"
"A15484";"NR160";"Aspirateur";"Grarul"
"B15497";"NR222";"Centrale Vapeur";"Gob"
"A15512";"NR187";"Micro-Ondes";"Eulus"
"A15517";"NR179";"Sèche-Linge";"Bailcus"
"B15522";"NR50";"Cave À Vin";"Retus"
"B15534";"NR150";"Moulin À Café";"Opälius"
"B15540";"NR220";"Pèse-Personne";"Sinus Kaillus"
"B15545";"NR244";"Cuisinière";"Opälius"
"A15565";"NR214";"Climatiseur";"Caques"
"B15574";"NR117";"Pèse-Personne";"Kebitor Loicio Bibicus"
"A15576";"NR111";"Four Traditionnel";"Motin"
"A15587";"NR200";"Rasoir";"Kolus Daalus Dooncus"
"B15601";"NR45";"Table À Repasser";"Xanius Xanillus Sies"
"A15613";"NR104";"Lave-Singe";"Bailcus"
"B15625";"NR131";"Micro-Ondes";"Kaes"
"A15631";"NR220";"Pèse-Personne";"Sinus Kaillus"
"A15642";"NR244";"Cuisinière";"Opälius"
"B15651";"NR185";"Aspirateur";"Bilius Elus"
"B15663";"NR157";"Four À Gaz";"Kra"
"B15680";"NR132";"Cave À Vin";"Rag"
"A15687";"NR298";"Four À Vapeur";"Cafritor"
"B15695";"NR243";"Cafetière";"Motin"
"B15709";"NR37";"Four À Gaz";"Bailcus"
"B15720";"NR108";"Aspirateur";"Kaes"
"A15737";"NR104";"Lave-Singe";"Bailcus"
"B15740";"NR148";"Table À Repasser";"Dülius"
"B15753";"NR147";"Cave À Vin";"Ancus"
"B15771";"NR188";"Cuit Vapeur";"Kelius Loicio"
"B15787";"NR127";"Aspirateur";"Grarul"
"A15793";"NR150";"Moulin À Café";"Opälius"
"B15798";"NR258";"Brosse À Dents";"Autoôlus"
"B15816";"NR91";"Cave À Vin";"Cailtor"
"A15836";"NR297";"Réfrigérateur";"Anus"
"B15846";"NR262";"Nettoyeur À Vapeur";"Bailcus"
"B15859";"NR118";"Plaque De Cuisson";"Aufritin"
"B15864";"NR225";"Congélateur";"Duäcio Bicio Xanimius"
"A15874";"NR264";"Table À Repasser";"Duäcio Bicio Xanimius"
"A15893";"NR23";"Nettoyeur À Vapeur";"Dübebibeonius"
"A15901";"NR117";"Pèse-Personne";"Kebitor Loicio Bibicus"
"A15919";"NR144";"Congélateur";"Kebitor Loicio Bibicus"
"B15921";"NR162";"Micro-Ondes";"Biôdaécio"
"B15941";"NR187";"Micro-Ondes";"Eulus"
"A15945";"NR174";"Nettoyeur À Vapeur";"Düolius Sitor"
"A15959";"NR177";"Plaque De Cuisson";"Daäguloïtin"
"B15972";"NR228";"Centrale Vapeur";"Juaimtoilius"
"A15987";"NR115";"Four Traditionnel";"Catin Baes"
"B16007";"NR108";"Aspirateur";"Kaes"
"B16010";"NR249";"Centrale Vapeur";"Ioes Koboes"
"B16015";"NR194";"Moulin À Café";"Aubobotus"
"B16030";"NR105";"Expresso";"Dübebibeonius"
"B16034";"NR25";"Brosse À Dents";"Facus"
"A16043";"NR73";"Expresso";"Cailtor"
"B16050";"NR127";"Aspirateur";"Grarul"
"A16067";"NR295";"Centrale Vapeur";"Boobul"
"A16084";"NR17";"Barbecue";"Béàtus"
"A16092";"NR140";"Climatiseur";"Zobgul"
"A16110";"NR141";"Expresso";"Dütoiàtocio"
"B16123";"NR36";"Fer À Repasser";"Béàtus"
"A16134";"NR273";"Réfrigérateur-Congélateur";"Juaimtoilius"
"A16136";"NR126";"Sèche-Linge";"Aubobotus"
"A16153";"NR206";"Aspirateur";"Bilius Elus"
"A16163";"NR260";"Cuisinière";"Waa"
"B16174";"NR178";"Moulin À Café";"Egutor Alius Itin"
"B16177";"NR86";"Pèse-Personne";"Zob"
"A16195";"NR45";"Table À Repasser";"Xanius Xanillus Sies"
"A16206";"NR26";"Cuiseur De Riz";"Dilius Antor"
"A16211";"NR240";"Four À Vapeur";"Gob"
"A16228";"NR207";"Cave À Vin";"Xanius Xanillus Sies"
"B16233";"NR202";"Centrale Vapeur";"Barbul"
"A16238";"NR84";"Lave-Vaisselle";"Eulus"
"B16255";"NR160";"Aspirateur";"Grarul"
"A16263";"NR211";"Table À Repasser";"Ioes Koboes"
"A16272";"NR242";"Pèse-Personne";"Catin Baes"
"A16281";"NR282";"Réfrigérateur-Congélateur";"Zra"
"A16282";"NR124";"Expresso";"Opimcus"
"A16297";"NR228";"Centrale Vapeur";"Juaimtoilius"
"B16306";"NR6";"Fer À Repasser";"Boobul"
"B16321";"NR148";"Table À Repasser";"Dülius"
"A16339";"NR216";"Cireuse";"Dilius Antor"
"B16357";"NR276";"Cave À Vin";"Rob"
"B16358";"NR145";"Micro-Ondes";"Kefrinus"
"B16378";"NR178";"Moulin À Café";"Egutor Alius Itin"
"B16392";"NR188";"Cuit Vapeur";"Kelius Loicio"
"A16399";"NR230";"Bouilloire";"Bargyr"
"A16400";"NR204";"Plaque De Cuisson";"Loibucio Bracio Aubotus"
"B16417";"NR138";"Cuiseur De Riz";"Falus"
"B16418";"NR219";"Sèche-Linge";"Facus"
"A16429";"NR33";"Réfrigérateur";"Bargyr"
"B16448";"NR207";"Cave À Vin";"Xanius Xanillus Sies"
"A16457";"NR262";"Nettoyeur À Vapeur";"Bailcus"
"A16467";"NR186";"Sèche-Linge";"Eutin"
"A16479";"NR186";"Sèche-Linge";"Eutin"
"A16485";"NR230";"Bouilloire";"Bargyr"
"A16490";"NR138";"Cuiseur De Riz";"Falus"
"B16510";"NR116";"Expresso";"Barbul"
"B16513";"NR229";"Rasoir";"Anus"
"B16526";"NR210";"Centrifugeuse";"Alus"
"A16543";"NR70";"Nettoyeur À Vapeur";"Dübebibeonius"
"A16556";"NR49";"Barbecue";"Sinus Kaillus"
"B16573";"NR200";"Rasoir";"Kolus Daalus Dooncus"
"B16585";"NR137";"Lave-Vaisselle";"Kra"
"A16598";"NR39";"Lave-Singe";"Xanaulus"
"A16600";"NR16";"Table À Repasser";"Eutin"
"A16608";"NR38";"Sèche-Linge";"Judaeloïees"
"A16622";"NR276";"Cave À Vin";"Rob"
"A16624";"NR256";"Réfrigérateur-Congélateur";"Waa"
"B16630";"NR252";"Brosse À Dents";"Ales Bicus Opiltin"
"A16636";"NR245";"Moulin À Café";"Catin Baes"
"A16646";"NR235";"Pèse-Personne";"Motin"
"B16663";"NR158";"Table À Repasser";"Caques"
"A16679";"NR101";"Nettoyeur À Vapeur";"Dülius"
"A16693";"NR203";"Cuit Vapeur";"Dradul"
"A16711";"NR228";"Centrale Vapeur";"Juaimtoilius"
"A16731";"NR188";"Cuit Vapeur";"Kelius Loicio"
"B16748";"NR248";"Cave À Vin";"Motin"
"B16765";"NR296";"Lave-Singe";"Biôlàbodalus"
"B16771";"NR37";"Four À Gaz";"Bailcus"
"A16791";"NR101";"Nettoyeur À Vapeur";"Dülius"
"B16800";"NR43";"Congélateur";"Ancus"
"B16818";"NR280";"Centrifugeuse";"Kra"
"B16830";"NR139";"Plaque De Cuisson";"Dübebibeonius"
"B16848";"NR24";"Four Traditionnel";"Enuliläcus"
"A16849";"NR40";"Four Traditionnel";"Caques"
"A16868";"NR83";"Réfrigérateur-Congélateur";"Angulius Eucus"
"A16877";"NR190";"Pèse-Personne";"Kelius Loicio"
"B16882";"NR194";"Moulin À Café";"Aubobotus"
"A16897";"NR3";"Climatiseur";"Dradul"
"A16908";"NR297";"Réfrigérateur";"Anus"
"B16918";"NR48";"Barbecue";"Angulius Eucus"
"A16920";"NR241";"Pèse-Personne";"Kelius Loicio"
"A16928";"NR7";"Barbecue";"Daggyr"
"A16948";"NR125";"Barbecue";"Dradul"
"A16967";"NR33";"Réfrigérateur";"Bargyr"
"A16968";"NR93";"Nettoyeur À Vapeur";"Rob"
"B16977";"NR223";"Climatiseur";"Sinus Kaillus"
"B16982";"NR5";"Brosse À Dents";"Daggyr"
"A16998";"NR140";"Climatiseur";"Zobgul"
"B17015";"NR247";"Rasoir";"Kra"
"A17028";"NR204";"Plaque De Cuisson";"Loibucio Bracio Aubotus"
"A17045";"NR155";"Four À Vapeur";"Xanees"
"A17050";"NR42";"Cafetière";"Cailtor"
"B17063";"NR235";"Pèse-Personne";"Motin"
"B17082";"NR123";"Climatiseur";"Daggyr"
"B17090";"NR31";"Micro-Ondes";"Bar"
"B17095";"NR73";"Expresso";"Cailtor"
"B17100";"NR208";"Four Traditionnel";"Daggyr"
"A17115";"NR229";"Rasoir";"Anus"
"B17131";"NR123";"Climatiseur";"Daggyr"
"A17147";"NR207";"Cave À Vin";"Xanius Xanillus Sies"
"B17153";"NR136";"Brosse À Dents";"Düolius Sitor"
"B17160";"NR10";"Aspirateur";"Dradul"
"A17178";"NR118";"Plaque De Cuisson";"Aufritin"
"B17198";"NR34";"Rasoir";"Kra"
"A17207";"NR42";"Cafetière";"Cailtor"
"A17227";"NR251";"Sèche-Linge";"Angulius Eucus"
"B17245";"NR97";"Plaque De Cuisson";"Catin Baes"
"A17248";"NR130";"Expresso";"Faquoäloïius"
"B17268";"NR42";"Cafetière";"Cailtor"
"A17276";"NR197";"Cireuse";"Ales Bicus Opiltin"
"B17283";"NR162";"Micro-Ondes";"Biôdaécio"
"A17294";"NR58";"Cireuse";"Anes"
"B17303";"NR36";"Fer À Repasser";"Béàtus"
"B17310";"NR140";"Climatiseur";"Zobgul"
"A17315";"NR145";"Micro-Ondes";"Kefrinus"
"B17324";"NR293";"Cireuse";"Faänus Düonus"
"A17326";"NR58";"Cireuse";"Anes"
"B17328";"NR195";"Cuiseur De Riz";"Barbul"
"B17331";"NR86";"Pèse-Personne";"Zob"
"A17342";"NR53";"Cuit Vapeur";"Opälius"
"A17348";"NR190";"Pèse-Personne";"Kelius Loicio"
"B17364";"NR217";"Fer À Repasser";"Kolus Daalus Dooncus"
"A17369";"NR18";"Cave À Vin";"Ies"
"B17377";"NR25";"Brosse À Dents";"Facus"
"A17380";"NR64";"Fer À Repasser";"Autoôlus"
"B17391";"NR233";"Bouilloire";"Bahuonbucus"
"A17409";"NR283";"Nettoyeur À Vapeur";"Angulius Eucus"
"A17416";"NR83";"Réfrigérateur-Congélateur";"Angulius Eucus"
"B17424";"NR130";"Expresso";"Faquoäloïius"
"B17434";"NR67";"Lave-Vaisselle";"Duäcio Bicio Xanimius"
"A17440";"NR219";"Sèche-Linge";"Facus"
"B17452";"NR110";"Cuit Vapeur";"Waavyr"
"A17454";"NR283";"Nettoyeur À Vapeur";"Angulius Eucus"
"A17474";"NR188";"Cuit Vapeur";"Kelius Loicio"
"A17476";"NR238";"Réfrigérateur-Congélateur";"Béàtus"
"A17489";"NR244";"Cuisinière";"Opälius"
"B17497";"NR284";"Brosse À Dents";"Faänus Düonus"
"A17509";"NR252";"Brosse À Dents";"Ales Bicus Opiltin"
"B17524";"NR247";"Rasoir";"Kra"
"B17536";"NR140";"Climatiseur";"Zobgul"
"A17537";"NR30";"Réfrigérateur-Congélateur";"Baôtus"
"A17539";"NR181";"Centrale Vapeur";"Eutin"
"B17544";"NR128";"Four À Gaz";"Nagul"
"B17549";"NR56";"Pèse-Personne";"Anus"
"B17559";"NR85";"Expresso";"Aubobotus"
"A17563";"NR30";"Réfrigérateur-Congélateur";"Baôtus"
"B17579";"NR275";"Aspirateur";"Alus"
"A17593";"NR168";"Centrifugeuse";"Eulus"
"B17600";"NR70";"Nettoyeur À Vapeur";"Dübebibeonius"
"A17604";"NR21";"Cafetière";"Biôlàbodalus"
"B17615";"NR256";"Réfrigérateur-Congélateur";"Waa"
"A17619";"NR66";"Congélateur";"Kelius Loicio"
"B17631";"NR103";"Centrifugeuse";"Duäcio Bicio Xanimius"
"A17639";"NR224";"Cave À Vin";"Zob"
"B17651";"NR178";"Moulin À Café";"Egutor Alius Itin"
"B17670";"NR267";"Expresso";"Anes"
"A17687";"NR93";"Nettoyeur À Vapeur";"Rob"
"A17701";"NR66";"Congélateur";"Kelius Loicio"
"A17709";"NR230";"Bouilloire";"Bargyr"
"A17712";"NR69";"Barbecue";"Cafritor"
"B17713";"NR271";"Table À Repasser";"Zob"
"B17731";"NR37";"Four À Gaz";"Bailcus"
"B17749";"NR241";"Pèse-Personne";"Kelius Loicio"
"A17752";"NR225";"Congélateur";"Duäcio Bicio Xanimius"
"B17755";"NR74";"Aspirateur";"Eulus"
"B17770";"NR104";"Lave-Singe";"Bailcus"
"A17772";"NR131";"Micro-Ondes";"Kaes"
"B17780";"NR268";"Cafetière";"Dradul"
"A17782";"NR71";"Table À Repasser";"Loibucio Bracio Aubotus"
"A17793";"NR148";"Table À Repasser";"Dülius"
"B17805";"NR5";"Brosse À Dents";"Daggyr"
"A17811";"NR298";"Four À Vapeur";"Cafritor"
"B17815";"NR176";"Cafetière";"Waa"
"A17830";"NR235";"Pèse-Personne";"Motin"
"B17841";"NR271";"Table À Repasser";"Zob"
"B17844";"NR100";"Congélateur";"Aaôtin"
"B17853";"NR301";"Micro-Ondes";"Dülius"
"A17854";"NR58";"Cireuse";"Anes"
"A17872";"NR155";"Four À Vapeur";"Xanees"
"A17884";"NR113";"Fer À Repasser";"Cafritor"
"A17903";"NR296";"Lave-Singe";"Biôlàbodalus"
"A17907";"NR234";"Réfrigérateur-Congélateur";"Autoôlus"
"B17919";"NR16";"Table À Repasser";"Eutin"
"B17931";"NR171";"Plaque De Cuisson";"Xanees"
"A17933";"NR299";"Cuisinière";"Bailcus"
"B17947";"NR285";"Cafetière";"Kolus Daalus Dooncus"
"B17964";"NR1";"Congélateur";"Daäguloïtin"
"A17982";"NR40";"Four Traditionnel";"Caques"
"A17996";"NR212";"Pèse-Personne";"Barbul"
"A18014";"NR284";"Brosse À Dents";"Faänus Düonus"
"A18023";"NR292";"Centrifugeuse";"Loibucio Bracio Aubotus"
"A18036";"NR119";"Expresso";"Rag"
"A18053";"NR43";"Congélateur";"Ancus"
"A18066";"NR29";"Barbecue";"Anes"
"A18068";"NR230";"Bouilloire";"Bargyr"
"B18088";"NR280";"Centrifugeuse";"Kra"
"B18094";"NR180";"Barbecue";"Sicio"
"A18114";"NR152";"Micro-Ondes";"Moacio Ditus Auguslus"
"B18130";"NR264";"Table À Repasser";"Duäcio Bicio Xanimius"
"A18149";"NR25";"Brosse À Dents";"Facus"
"B18161";"NR66";"Congélateur";"Kelius Loicio"
"A18174";"NR279";"Pèse-Personne";"Kebitor Loicio Bibicus"
"A18194";"NR256";"Réfrigérateur-Congélateur";"Waa"
"B18207";"NR198";"Sèche-Linge";"Bailcus"
"A18209";"NR4";"Congélateur";"Opocus"
"B18211";"NR189";"Centrale Vapeur";"Faänus Düonus"
"B18221";"NR28";"Cuisinière";"Opälius"
"B18239";"NR124";"Expresso";"Opimcus"
"B18245";"NR11";"Congélateur";"Opocus"
"B18260";"NR218";"Bouilloire";"Zra"
"B18272";"NR183";"Centrifugeuse";"Ioes Koboes"
"B18281";"NR235";"Pèse-Personne";"Motin"
"A18293";"NR4";"Congélateur";"Opocus"
"A18298";"NR244";"Cuisinière";"Opälius"
"B18311";"NR148";"Table À Repasser";"Dülius"
"B18312";"NR188";"Cuit Vapeur";"Kelius Loicio"
"A18326";"NR209";"Four À Vapeur";"Dilius Antor"
"B18345";"NR11";"Congélateur";"Opocus"
"A18347";"NR18";"Cave À Vin";"Ies"
"B18361";"NR185";"Aspirateur";"Bilius Elus"
"A18367";"NR234";"Réfrigérateur-Congélateur";"Autoôlus"
"B18379";"NR82";"Cuiseur De Riz";"Fanulillus"
"A18393";"NR31";"Micro-Ondes";"Bar"
"B18402";"NR221";"Plaque De Cuisson";"Aaôtin"
"A18410";"NR99";"Réfrigérateur";"Cafritor"
"B18427";"NR39";"Lave-Singe";"Xanaulus"
"B18444";"NR146";"Cafetière";"Anus"
"B18464";"NR65";"Cave À Vin";"Aaôtin"
"A18466";"NR30";"Réfrigérateur-Congélateur";"Baôtus"
"A18477";"NR283";"Nettoyeur À Vapeur";"Angulius Eucus"
"A18491";"NR179";"Sèche-Linge";"Bailcus"
"A18511";"NR88";"Congélateur";"Xanees"
"B18514";"NR113";"Fer À Repasser";"Cafritor"
"A18515";"NR187";"Micro-Ondes";"Eulus"
"A18526";"NR246";"Aspirateur";"Kolus Daalus Dooncus"
"A18536";"NR274";"Rasoir";"Rob"
"B18540";"NR225";"Congélateur";"Duäcio Bicio Xanimius"
"A18542";"NR290";"Cuiseur De Riz";"Cafritor"
"A18543";"NR172";"Nettoyeur À Vapeur";"Daäguloïtin"
"A18547";"NR130";"Expresso";"Faquoäloïius"
"B18562";"NR176";"Cafetière";"Waa"
"B18569";"NR297";"Réfrigérateur";"Anus"
"B18579";"NR118";"Plaque De Cuisson";"Aufritin"
"B18586";"NR151";"Cuisinière";"Caques"
"B18597";"NR297";"Réfrigérateur";"Anus"
"A18609";"NR192";"Cafetière";"Cailtor"
"B18613";"NR204";"Plaque De Cuisson";"Loibucio Bracio Aubotus"
"A18616";"NR168";"Centrifugeuse";"Eulus"
"B18620";"NR82";"Cuiseur De Riz";"Fanulillus"
"B18633";"NR19";"Cafetière";"Zobgul"
"B18639";"NR202";"Centrale Vapeur";"Barbul"
"A18650";"NR134";"Réfrigérateur-Congélateur";"Dilius Antor"
"A18654";"NR125";"Barbecue";"Dradul"
"A18655";"NR29";"Barbecue";"Anes"
"B18661";"NR214";"Climatiseur";"Caques"
"A18677";"NR111";"Four Traditionnel";"Motin"
"B18697";"NR24";"Four Traditionnel";"Enuliläcus"
"A18714";"NR165";"Centrale Vapeur";"Loibucio Bracio Aubotus"
"B18733";"NR293";"Cireuse";"Faänus Düonus"
"B18743";"NR52";"Plaque De Cuisson";"Biôlàbodalus"
"A18757";"NR77";"Cireuse";"Anus"
"B18771";"NR207";"Cave À Vin";"Xanius Xanillus Sies"
"B18789";"NR19";"Cafetière";"Zobgul"
"B18808";"NR148";"Table À Repasser";"Dülius"
"A18818";"NR8";"Cuisinière";"Banulius Eutor Iunus"
"B18828";"NR44";"Aspirateur";"Faänus Düonus"
"A18847";"NR156";"Moulin À Café";"Falus"
"B18859";"NR298";"Four À Vapeur";"Cafritor"
"A18870";"NR139";"Plaque De Cuisson";"Dübebibeonius"
"B18879";"NR178";"Moulin À Café";"Egutor Alius Itin"
"B18896";"NR218";"Bouilloire";"Zra"
"B18899";"NR46";"Brosse À Dents";"Dilius Antor"
"A18917";"NR83";"Réfrigérateur-Congélateur";"Angulius Eucus"
"A18937";"NR231";"Climatiseur";"Grarul"
"B18943";"NR141";"Expresso";"Dütoiàtocio"
"B18953";"NR275";"Aspirateur";"Alus"
"A18963";"NR150";"Moulin À Café";"Opälius"
"A18979";"NR259";"Réfrigérateur-Congélateur";"Kra"
"A18987";"NR251";"Sèche-Linge";"Angulius Eucus"
"A19004";"NR204";"Plaque De Cuisson";"Loibucio Bracio Aubotus"
"A19014";"NR168";"Centrifugeuse";"Eulus"
"B19033";"NR1";"Congélateur";"Daäguloïtin"
"A19049";"NR10";"Aspirateur";"Dradul"
"B19053";"NR101";"Nettoyeur À Vapeur";"Dülius"
"B19069";"NR97";"Plaque De Cuisson";"Catin Baes"
"A19073";"NR154";"Cafetière";"Opälius"
"A19089";"NR168";"Centrifugeuse";"Eulus"
"A19093";"NR263";"Bouilloire";"Anes"
"B19106";"NR150";"Moulin À Café";"Opälius"
"B19126";"NR258";"Brosse À Dents";"Autoôlus"
"B19130";"NR84";"Lave-Vaisselle";"Eulus"
"B19149";"NR216";"Cireuse";"Dilius Antor"
"A19164";"NR275";"Aspirateur";"Alus"
"A19166";"NR296";"Lave-Singe";"Biôlàbodalus"
"A19172";"NR7";"Barbecue";"Daggyr"
"A19178";"NR206";"Aspirateur";"Bilius Elus"
"B19182";"NR278";"Four À Vapeur";"Zobgul"
"B19193";"NR106";"Aspirateur";"Motin"
"A19201";"NR181";"Centrale Vapeur";"Eutin"
"B19209";"NR145";"Micro-Ondes";"Kefrinus"
"A19223";"NR218";"Bouilloire";"Zra"
"A19233";"NR91";"Cave À Vin";"Cailtor"
"B19237";"NR278";"Four À Vapeur";"Zobgul"
"B19253";"NR218";"Bouilloire";"Zra"
"A19262";"NR48";"Barbecue";"Angulius Eucus"
"A19263";"NR109";"Congélateur";"Zobgul"
"B19270";"NR262";"Nettoyeur À Vapeur";"Bailcus"
"B19275";"NR37";"Four À Gaz";"Bailcus"
"B19281";"NR137";"Lave-Vaisselle";"Kra"
"A19294";"NR38";"Sèche-Linge";"Judaeloïees"
"B19311";"NR123";"Climatiseur";"Daggyr"
"A19312";"NR283";"Nettoyeur À Vapeur";"Angulius Eucus"
"B19314";"NR270";"Aspirateur";"Waavyr"
"B19331";"NR1";"Congélateur";"Daäguloïtin"
"A19343";"NR110";"Cuit Vapeur";"Waavyr"
"A19353";"NR118";"Plaque De Cuisson";"Aufritin"
"B19362";"NR113";"Fer À Repasser";"Cafritor"
"B19380";"NR232";"Cave À Vin";"Waa"
"B19385";"NR108";"Aspirateur";"Kaes"
"B19389";"NR286";"Cave À Vin";"Anes"
"B19396";"NR18";"Cave À Vin";"Ies"
"B19404";"NR41";"Expresso";"Sicio"
"A19424";"NR279";"Pèse-Personne";"Kebitor Loicio Bibicus"
"B19435";"NR118";"Plaque De Cuisson";"Aufritin"
"A19455";"NR294";"Pèse-Personne";"Düolius Sitor"
"B19475";"NR291";"Réfrigérateur-Congélateur";"Angulius Eucus"
"B19482";"NR126";"Sèche-Linge";"Aubobotus"
"B19496";"NR222";"Centrale Vapeur";"Gob"
"B19497";"NR64";"Fer À Repasser";"Autoôlus"
"B19517";"NR11";"Congélateur";"Opocus"
"B19527";"NR17";"Barbecue";"Béàtus"
"B19539";"NR107";"Centrale Vapeur";"Ales Bicus Opiltin"
"A19553";"NR106";"Aspirateur";"Motin"
"A19572";"NR273";"Réfrigérateur-Congélateur";"Juaimtoilius"
"B19579";"NR140";"Climatiseur";"Zobgul"
"A19588";"NR52";"Plaque De Cuisson";"Biôlàbodalus"
"B19600";"NR271";"Table À Repasser";"Zob"
"A19615";"NR125";"Barbecue";"Dradul"
"B19630";"NR47";"Bouilloire";"Boobul"
"A19633";"NR121";"Lave-Singe";"Kelius Loicio"
"A19652";"NR246";"Aspirateur";"Kolus Daalus Dooncus"
"B19667";"NR242";"Pèse-Personne";"Catin Baes"
"A19670";"NR57";"Expresso";"Judaeloïees"
"B19677";"NR9";"Centrifugeuse";"Kra"
"A19688";"NR132";"Cave À Vin";"Rag"
"A19692";"NR144";"Congélateur";"Kebitor Loicio Bibicus"
"A19707";"NR199";"Centrifugeuse";"Kolus Daalus Dooncus"
"A19718";"NR132";"Cave À Vin";"Rag"
"A19728";"NR22";"Cireuse";"Kra"
"B19736";"NR217";"Fer À Repasser";"Kolus Daalus Dooncus"
"A19737";"NR295";"Centrale Vapeur";"Boobul"
"A19738";"NR261";"Centrale Vapeur";"Eutin"
"A19743";"NR57";"Expresso";"Judaeloïees"
"A19749";"NR277";"Rasoir";"Zobgul"
"A19761";"NR126";"Sèche-Linge";"Aubobotus"
"B19764";"NR119";"Expresso";"Rag"
"B19784";"NR29";"Barbecue";"Anes"
"B19799";"NR49";"Barbecue";"Sinus Kaillus"
"B19819";"NR222";"Centrale Vapeur";"Gob"
"A19823";"NR164";"Micro-Ondes";"Kefrinus"
"B19839";"NR225";"Congélateur";"Duäcio Bicio Xanimius"
"A19851";"NR74";"Aspirateur";"Eulus"
"B19853";"NR44";"Aspirateur";"Faänus Düonus"
"A19859";"NR137";"Lave-Vaisselle";"Kra"
"A19861";"NR108";"Aspirateur";"Kaes"
"B19869";"NR167";"Rasoir";"Bailcus"
"B19886";"NR162";"Micro-Ondes";"Biôdaécio"
"B19891";"NR219";"Sèche-Linge";"Facus"
"A19900";"NR39";"Lave-Singe";"Xanaulus"
"A19911";"NR214";"Climatiseur";"Caques"
"B19919";"NR240";"Four À Vapeur";"Gob"
"B19923";"NR275";"Aspirateur";"Alus"
"B19937";"NR297";"Réfrigérateur";"Anus"
"A19945";"NR302";"Nettoyeur À Vapeur";"Xanees"
"B19962";"NR22";"Cireuse";"Kra"
"A19973";"NR166";"Bouilloire";"Loibucio Bracio Aubotus"
"B19983";"NR230";"Bouilloire";"Bargyr"
"B19986";"NR273";"Réfrigérateur-Congélateur";"Juaimtoilius"
"A20000";"NR152";"Micro-Ondes";"Moacio Ditus Auguslus"
"A20006";"NR18";"Cave À Vin";"Ies"
"B20014";"NR144";"Congélateur";"Kebitor Loicio Bibicus"
"A20034";"NR247";"Rasoir";"Kra"
"A20047";"NR26";"Cuiseur De Riz";"Dilius Antor"
"A20051";"NR295";"Centrale Vapeur";"Boobul"
"B20064";"NR159";"Fer À Repasser";"Motin"
"B20071";"NR125";"Barbecue";"Dradul"
"B20084";"NR46";"Brosse À Dents";"Dilius Antor"
"A20089";"NR224";"Cave À Vin";"Zob"
"B20093";"NR291";"Réfrigérateur-Congélateur";"Angulius Eucus"
"A20106";"NR14";"Lave-Vaisselle";"Bar"
"A20126";"NR59";"Expresso";"Ies"
"A20130";"NR12";"Four À Vapeur";"Judaeloïees"
"B20141";"NR238";"Réfrigérateur-Congélateur";"Béàtus"
"B20143";"NR235";"Pèse-Personne";"Motin"
"A20148";"NR109";"Congélateur";"Zobgul"
"B20167";"NR99";"Réfrigérateur";"Cafritor"
"B20172";"NR177";"Plaque De Cuisson";"Daäguloïtin"
"B20187";"NR208";"Four Traditionnel";"Daggyr"
"A20207";"NR128";"Four À Gaz";"Nagul"
"A20217";"NR290";"Cuiseur De Riz";"Cafritor"
"A20220";"NR38";"Sèche-Linge";"Judaeloïees"
"B20227";"NR253";"Climatiseur";"Dütoiàtocio"
"A20239";"NR51";"Brosse À Dents";"Anes"
"B20250";"NR11";"Congélateur";"Opocus"
"B20262";"NR57";"Expresso";"Judaeloïees"
"A20279";"NR224";"Cave À Vin";"Zob"
"B20291";"NR264";"Table À Repasser";"Duäcio Bicio Xanimius"
"A20299";"NR88";"Congélateur";"Xanees"
"B20310";"NR280";"Centrifugeuse";"Kra"
"B20312";"NR281";"Plaque De Cuisson";"Opocus"
"A20318";"NR163";"Table À Repasser";"Ies"
"A20323";"NR271";"Table À Repasser";"Zob"
"A20331";"NR172";"Nettoyeur À Vapeur";"Daäguloïtin"
"A20346";"NR83";"Réfrigérateur-Congélateur";"Angulius Eucus"
"A20361";"NR283";"Nettoyeur À Vapeur";"Angulius Eucus"
"A20363";"NR61";"Cuisinière";"Falus"
"A20375";"NR219";"Sèche-Linge";"Facus"
"B20386";"NR145";"Micro-Ondes";"Kefrinus"
"B20400";"NR110";"Cuit Vapeur";"Waavyr"
"A20420";"NR185";"Aspirateur";"Bilius Elus"
"A20430";"NR15";"Four À Vapeur";"Grarul"
"B20446";"NR32";"Lave-Vaisselle";"Gob"
"A20462";"NR19";"Cafetière";"Zobgul"
"A20476";"NR66";"Congélateur";"Kelius Loicio"
"B20480";"NR17";"Barbecue";"Béàtus"
"A20494";"NR180";"Barbecue";"Sicio"
"B20498";"NR159";"Fer À Repasser";"Motin"
"A20504";"NR272";"Pèse-Personne";"Boobul"
"A20509";"NR299";"Cuisinière";"Bailcus"
"A20514";"NR278";"Four À Vapeur";"Zobgul"
"A20519";"NR145";"Micro-Ondes";"Kefrinus"
"A20523";"NR282";"Réfrigérateur-Congélateur";"Zra"
"A20533";"NR172";"Nettoyeur À Vapeur";"Daäguloïtin"
"A20537";"NR244";"Cuisinière";"Opälius"
"B20557";"NR81";"Congélateur";"Sicio"
"A20575";"NR158";"Table À Repasser";"Caques"
"A20578";"NR253";"Climatiseur";"Dütoiàtocio"
"A20596";"NR242";"Pèse-Personne";"Catin Baes"
"B20614";"NR204";"Plaque De Cuisson";"Loibucio Bracio Aubotus"
"B20634";"NR35";"Barbecue";"Fanulillus"
"B20648";"NR77";"Cireuse";"Anus"
"B20666";"NR291";"Réfrigérateur-Congélateur";"Angulius Eucus"
"A20683";"NR137";"Lave-Vaisselle";"Kra"
"A20694";"NR146";"Cafetière";"Anus"
"A20711";"NR115";"Four Traditionnel";"Catin Baes"
"B20727";"NR240";"Four À Vapeur";"Gob"
"A20742";"NR247";"Rasoir";"Kra"
"A20744";"NR297";"Réfrigérateur";"Anus"
"B20748";"NR27";"Rasoir";"Enuliläcus"
"B20750";"NR275";"Aspirateur";"Alus"
"B20760";"NR151";"Cuisinière";"Caques"
"B20772";"NR267";"Expresso";"Anes"
"B20785";"NR292";"Centrifugeuse";"Loibucio Bracio Aubotus"
"A20802";"NR271";"Table À Repasser";"Zob"
"B20803";"NR59";"Expresso";"Ies"
"A20816";"NR152";"Micro-Ondes";"Moacio Ditus Auguslus"
"B20835";"NR119";"Expresso";"Rag"
"B20849";"NR245";"Moulin À Café";"Catin Baes"
"B20858";"NR133";"Lave-Vaisselle";"Côgualoïcio"
"B20875";"NR229";"Rasoir";"Anus"
"A20885";"NR217";"Fer À Repasser";"Kolus Daalus Dooncus"
"A20899";"NR146";"Cafetière";"Anus"
"B20903";"NR289";"Pèse-Personne";"Bailcus"
"A20911";"NR230";"Bouilloire";"Bargyr"
"B20931";"NR131";"Micro-Ondes";"Kaes"
"A20946";"NR149";"Climatiseur";"Xanees"
"B20966";"NR165";"Centrale Vapeur";"Loibucio Bracio Aubotus"
"A20985";"NR14";"Lave-Vaisselle";"Bar"
"B21000";"NR44";"Aspirateur";"Faänus Düonus"
"A21002";"NR62";"Cuisinière";"Baôtus"
"B21016";"NR74";"Aspirateur";"Eulus"
"A21018";"NR73";"Expresso";"Cailtor"
"A21035";"NR83";"Réfrigérateur-Congélateur";"Angulius Eucus"
"B21055";"NR133";"Lave-Vaisselle";"Côgualoïcio"
"A21067";"NR232";"Cave À Vin";"Waa"
"A21072";"NR239";"Aspirateur";"Opälius"
"A21083";"NR213";"Centrale Vapeur";"Angulius Eucus"
"A21094";"NR125";"Barbecue";"Dradul"
"B21113";"NR46";"Brosse À Dents";"Dilius Antor"
"A21119";"NR274";"Rasoir";"Rob"
"A21135";"NR124";"Expresso";"Opimcus"
"A21137";"NR136";"Brosse À Dents";"Düolius Sitor"
"A21143";"NR134";"Réfrigérateur-Congélateur";"Dilius Antor"
"A21162";"NR154";"Cafetière";"Opälius"
"A21179";"NR72";"Bouilloire";"Daggyr"
"B21186";"NR297";"Réfrigérateur";"Anus"
"A21202";"NR274";"Rasoir";"Rob"
"B21213";"NR298";"Four À Vapeur";"Cafritor"
"A21227";"NR141";"Expresso";"Dütoiàtocio"
"B21240";"NR132";"Cave À Vin";"Rag"
"B21258";"NR220";"Pèse-Personne";"Sinus Kaillus"
"A21273";"NR95";"Four À Gaz";"Aaôtin"
"B21289";"NR171";"Plaque De Cuisson";"Xanees"
"B21292";"NR45";"Table À Repasser";"Xanius Xanillus Sies"
"B21302";"NR190";"Pèse-Personne";"Kelius Loicio"
"B21320";"NR198";"Sèche-Linge";"Bailcus"
"A21337";"NR88";"Congélateur";"Xanees"
"B21349";"NR177";"Plaque De Cuisson";"Daäguloïtin"
"B21366";"NR99";"Réfrigérateur";"Cafritor"
"A21382";"NR66";"Congélateur";"Kelius Loicio"
"B21394";"NR291";"Réfrigérateur-Congélateur";"Angulius Eucus"
"A21399";"NR120";"Congélateur";"Caes Xanälius"
"B21400";"NR289";"Pèse-Personne";"Bailcus"
"B21409";"NR212";"Pèse-Personne";"Barbul"
"A21427";"NR123";"Climatiseur";"Daggyr"
"A21438";"NR4";"Congélateur";"Opocus"
"B21453";"NR52";"Plaque De Cuisson";"Biôlàbodalus"
"B21468";"NR16";"Table À Repasser";"Eutin"
"B21480";"NR20";"Réfrigérateur";"Dülius"
"B21485";"NR27";"Rasoir";"Enuliläcus"
"A21496";"NR81";"Congélateur";"Sicio"
"B21516";"NR74";"Aspirateur";"Eulus"
"A21531";"NR83";"Réfrigérateur-Congélateur";"Angulius Eucus"
"A21541";"NR207";"Cave À Vin";"Xanius Xanillus Sies"
"A21550";"NR27";"Rasoir";"Enuliläcus"
"B21570";"NR138";"Cuiseur De Riz";"Falus"
"B21571";"NR138";"Cuiseur De Riz";"Falus"
"B21577";"NR9";"Centrifugeuse";"Kra"
"B21592";"NR6";"Fer À Repasser";"Boobul"
"B21599";"NR201";"Micro-Ondes";"Loibucio Bracio Aubotus"
"B21610";"NR230";"Bouilloire";"Bargyr"
"B21613";"NR129";"Congélateur";"Dütoiàtocio"
"B21618";"NR103";"Centrifugeuse";"Duäcio Bicio Xanimius"
"B21638";"NR66";"Congélateur";"Kelius Loicio"
"A21650";"NR249";"Centrale Vapeur";"Ioes Koboes"
"A21653";"NR97";"Plaque De Cuisson";"Catin Baes"
"A21665";"NR235";"Pèse-Personne";"Motin"
"A21672";"NR143";"Table À Repasser";"Banulius Eutor Iunus"
"A21684";"NR208";"Four Traditionnel";"Daggyr"
"B21687";"NR10";"Aspirateur";"Dradul"
"A21705";"NR163";"Table À Repasser";"Ies"
"B21714";"NR131";"Micro-Ondes";"Kaes"
"A21728";"NR118";"Plaque De Cuisson";"Aufritin"
"B21742";"NR244";"Cuisinière";"Opälius"
"A21756";"NR5";"Brosse À Dents";"Daggyr"
"B21759";"NR251";"Sèche-Linge";"Angulius Eucus"
"A21778";"NR246";"Aspirateur";"Kolus Daalus Dooncus"
"B21779";"NR59";"Expresso";"Ies"
"A21785";"NR288";"Cuisinière";"Aubobotus"
"A21794";"NR74";"Aspirateur";"Eulus"
"B21800";"NR131";"Micro-Ondes";"Kaes"
"A21813";"NR183";"Centrifugeuse";"Ioes Koboes"
"A21824";"NR126";"Sèche-Linge";"Aubobotus"
"A21834";"NR54";"Centrale Vapeur";"Aaôtin"
"B21850";"NR270";"Aspirateur";"Waavyr"
"B21867";"NR163";"Table À Repasser";"Ies"
"A21875";"NR285";"Cafetière";"Kolus Daalus Dooncus"
"B21895";"NR108";"Aspirateur";"Kaes"
"A21899";"NR79";"Congélateur";"Eutin"
"A21913";"NR7";"Barbecue";"Daggyr"
"A21915";"NR246";"Aspirateur";"Kolus Daalus Dooncus"
"A21925";"NR186";"Sèche-Linge";"Eutin"
"B21931";"NR9";"Centrifugeuse";"Kra"
"B21940";"NR16";"Table À Repasser";"Eutin"
"B21956";"NR30";"Réfrigérateur-Congélateur";"Baôtus"
"B21973";"NR142";"Lave-Singe";"Nagul"
